-- phpMyAdmin SQL Dump
-- version 5.2.1
-- https://www.phpmyadmin.net/
--
-- Anamakine: 127.0.0.1
-- Üretim Zamanı: 07 Haz 2024, 13:40:32
-- Sunucu sürümü: 10.4.32-MariaDB
-- PHP Sürümü: 8.2.12

SET SQL_MODE = "NO_AUTO_VALUE_ON_ZERO";
START TRANSACTION;
SET time_zone = "+00:00";


/*!40101 SET @OLD_CHARACTER_SET_CLIENT=@@CHARACTER_SET_CLIENT */;
/*!40101 SET @OLD_CHARACTER_SET_RESULTS=@@CHARACTER_SET_RESULTS */;
/*!40101 SET @OLD_COLLATION_CONNECTION=@@COLLATION_CONNECTION */;
/*!40101 SET NAMES utf8mb4 */;

--
-- Veritabanı: `bookstore`
--

-- --------------------------------------------------------

--
-- Tablo için tablo yapısı `authors`
--

CREATE TABLE `authors` (
  `id` int(11) NOT NULL,
  `name` varchar(100) NOT NULL
) ENGINE=InnoDB DEFAULT CHARSET=utf8mb4 COLLATE=utf8mb4_general_ci;

--
-- Tablo döküm verisi `authors`
--

INSERT INTO `authors` (`id`, `name`) VALUES
(1, 'Stefan Zweig'),
(2, 'Sabahattin Ali'),
(3, 'Jack London'),
(5, 'Franz Kafka'),
(6, 'George Orwell'),
(7, 'Fyodor Mihayloviç Dostoyevski'),
(8, 'Lev Nikolayeviç Tolstoy'),
(9, 'Victor Hugo'),
(10, 'Anton Pavloviç Çehov'),
(12, 'Grigory Petrov'),
(13, 'Charlotte Perkins Gilman'),
(14, 'Oscar Wilde'),
(15, 'Jean-Christophe Grange'),
(16, 'Laura Lippman'),
(17, 'John Verdon'),
(18, 'Ragnar Jonasson'),
(19, 'H.G. Wells'),
(20, 'Douglas Adams'),
(21, 'J. K. Rowling'),
(22, 'J. R. R. Tolkien'),
(23, 'Stephen King'),
(24, 'Özdemir Asaf'),
(25, 'Cemal Süreya'),
(26, 'Attila İlhan'),
(27, 'Nazım Hikmet'),
(28, 'Osho');

-- --------------------------------------------------------

--
-- Tablo için tablo yapısı `books`
--

CREATE TABLE `books` (
  `id` int(11) NOT NULL,
  `name` varchar(200) NOT NULL,
  `description` text DEFAULT NULL,
  `isbn` varchar(20) NOT NULL,
  `image` varchar(255) NOT NULL,
  `price` decimal(10,2) NOT NULL,
  `page_count` int(11) NOT NULL,
  `category_id` int(11) NOT NULL,
  `author_id` int(11) NOT NULL,
  `publisher_id` int(11) NOT NULL,
  `is_active` tinyint(1) DEFAULT 1,
  `is_home` tinyint(1) DEFAULT 0,
  `created_at` timestamp NOT NULL DEFAULT current_timestamp(),
  `stock` int(11) NOT NULL DEFAULT 0
) ENGINE=InnoDB DEFAULT CHARSET=utf8mb4 COLLATE=utf8mb4_general_ci;

--
-- Tablo döküm verisi `books`
--

INSERT INTO `books` (`id`, `name`, `description`, `isbn`, `image`, `price`, `page_count`, `category_id`, `author_id`, `publisher_id`, `is_active`, `is_home`, `created_at`, `stock`) VALUES
(1, 'Kürk Mantolu Madonna', '&lt;p&gt;&lt;strong&gt;K&amp;uuml;rk Mantolu Madonna&lt;/strong&gt;&lt;/p&gt;&lt;p&gt;İlk baskısı 1943 yılında yapılan K&amp;uuml;rk Mantolu Madonna, g&amp;uuml;n&amp;uuml;m&amp;uuml;zde halen en &amp;ccedil;ok ilgi g&amp;ouml;ren ve satılan kitaplar arasında bulunuyor. Basıldığı g&amp;uuml;nden bu yana 1 milyondan fazla satan kitap &amp;uuml;zerine, bir&amp;ccedil;ok araştırma ve inceleme yapılmış, hakkında tezler yazılmış, fakat bu başarısının sırrı tam olarak &amp;ccedil;&amp;ouml;z&amp;uuml;lememiştir. Onu bu kadar &amp;ouml;zel kılan ve hala konuşuluyor olmasındaki en b&amp;uuml;y&amp;uuml;k pay, tabii ki Sabahattin Ali&amp;rsquo;nin usta kalemi ve başarılı ruh tahlilleridir.&lt;/p&gt;&lt;p&gt;&amp;nbsp;&lt;/p&gt;&lt;p&gt;&lt;strong&gt;Tekrar Tekrar Okuyacağınız Sarsıcı Aşk Hikayesine Hazır Olun!&lt;/strong&gt;&lt;/p&gt;&lt;p&gt;Konusu ile adından sık&amp;ccedil;a s&amp;ouml;z ettiren eser, T&amp;uuml;rk edebiyatının da en &amp;ouml;nemli romanları arasında g&amp;ouml;steriliyor. Psikolojik bir anlatı olarak da ifade edebileceğimiz roman aslında &amp;uuml;&amp;ccedil; ana tema etrafında şekilleniyor: Aşk, yalnızlık ve yabancılaşma. K&amp;uuml;rk Mantolu Madonna, daha &amp;ccedil;ok bir aşk hikayesi olarak g&amp;ouml;r&amp;uuml;nse de romanda aslında bir insanın yalnızlaşma s&amp;uuml;recine ve giderek topluma yabancılaşmasına şahit oluyoruz. Psikolojik tahliller &amp;ccedil;er&amp;ccedil;evesinde bu yabancılaşma ve yalnızlık duygusunu Sabahattin Ali o kadar iyi anlatıyor ki, okurken bize bu hisleri adeta yaşıyormuş&amp;ccedil;asına hissettiriyor.&lt;/p&gt;&lt;p&gt;&amp;nbsp;&lt;/p&gt;&lt;p&gt;H&amp;uuml;z&amp;uuml;nl&amp;uuml; bir aşk &amp;ouml;yk&amp;uuml;s&amp;uuml; olan K&amp;uuml;rk Mantolu Madonna, iki hikayeden oluşan bir anlatıma sahip. İlk hikayede Rasim adlı karakterin iş bulması ve Raif Efendi ile tanışması anlatılıyor. Kimseler ile konuşmayan sessiz sakin Raif Efendi&amp;rsquo;yi g&amp;ouml;zlemleyen ve onu daha yakından tanımak isteyen Rasim&amp;rsquo;in anlatımı ile Raif Efendi&amp;rsquo;yi dinliyoruz. Onun neden bu kadar yalnız ve topluma yabancı olduğunu ise kendisinin kaleme aldığı siyah kaplı defter aracılığı ile ikinci hikayede &amp;ouml;ğreniyoruz. İkinci hikaye Raif Efendi&amp;rsquo;nin kimselere s&amp;ouml;ylemediği ve anlatmadığı bir aşk hikayesi ile başlıyor. Gen&amp;ccedil;lik yıllarına gittiğimiz bu defterde Raif Efendi&amp;rsquo;nin Almanya&amp;rsquo;da bir resim sergisinde Maria Puder ile tanışması ve sonrasında birbirlerine aşık olmasının hikayesi i&amp;ccedil;inde bir anda kendimizi buluyoruz.&lt;/p&gt;', '9789753638029', 'fbb784d8cc8510bb1810eecdbfd00f64.jpg', 50.00, 160, 42, 2, 7, 1, 1, '2024-05-30 13:41:54', 0),
(10, 'Martin Eden', '&lt;p&gt;&lt;strong&gt;Martin Eden&lt;/strong&gt;&lt;/p&gt;&lt;p&gt;Jack London&amp;rsquo;ın yarı otobiyografik romanı Martin Eden, 20. y&amp;uuml;zyıl başında sosyal ve ideolojik meseleler ağırlıklı i&amp;ccedil;eriğiyle Amerikan edebiyatında b&amp;uuml;y&amp;uuml;k &amp;ouml;l&amp;ccedil;&amp;uuml;de kabul g&amp;ouml;rm&amp;uuml;şt&amp;uuml;r. London farklı sınıflar arasındaki zihniyet ve değer farklarını g&amp;ouml;zlerimizin &amp;ouml;n&amp;uuml;ne sererken, stat&amp;uuml; ve servetin Amerikan toplumundaki hayati &amp;ouml;nemine işaret eder. Romanın ana temalarından biri, başarı ve refah yolunun sosyal sınıf farkı g&amp;ouml;zetilmeksizin herkese a&amp;ccedil;ık olduğu şeklinde &amp;ouml;zetlenebilecek Amerikan R&amp;uuml;yası&amp;rsquo;dır. Ya da bu idealin yarattığı muazzam hayal kırıklığı&amp;hellip;&lt;/p&gt;&lt;p&gt;London, romanı bir sanat&amp;ccedil;ının &amp;ccedil;ıraklıktan olgunluğa ge&amp;ccedil;iş s&amp;uuml;recini işleyen K&amp;uuml;nstlerroman geleneğinde yazmıştır. Martin&amp;rsquo;in aşkı uğruna eğitimsiz gen&amp;ccedil; bir iş&amp;ccedil;iden başarılı ve rafine bir yazara d&amp;ouml;n&amp;uuml;ş&amp;uuml;m m&amp;uuml;cadelesini anlatır. Kahramanı hedefine ulaştığında ise motivasyonunu ve heyecanını &amp;ccedil;oktan yitirmiş, trajik bir sona doğru s&amp;uuml;r&amp;uuml;klenmektedir artık&amp;hellip;&lt;/p&gt;', '9786053322122', 'fd9d781c75947457aafa83ccd1a10842.jpg', 50.00, 520, 37, 3, 3, 1, 1, '2024-05-30 19:29:52', 2),
(11, 'Beyaz Diş', '&lt;p&gt;&lt;strong&gt;Beyaz Diş&lt;/strong&gt;&lt;/p&gt;&lt;p&gt;Hayranlık uyandırıcı Tanrıların diyarına bir yolculuk yapmak ister misiniz? &amp;Ouml;yleyse sizi buz kalpli kuzey topraklarıyla tanıştıralım! Sadece bir kurdun hayatına değil, aynı zamanda vahşet, av ve merhamet gibi pek &amp;ccedil;ok olguya değinen Jack London&amp;#39;un Beyaz Diş&amp;#39;i sizi bambaşka diyarlara g&amp;ouml;t&amp;uuml;r&amp;uuml;yor. Her yaş grubuna hitap eden bu kitap, s&amp;uuml;r&amp;uuml;kleyiciliğiyle soluksuz bir deneyim yaşamınızı sağlıyor. Okumaya ilk başladığınız andan itibaren kitabı elinizden d&amp;uuml;ş&amp;uuml;remeyeceksiniz! Gelin, severek okuyacağınızı d&amp;uuml;ş&amp;uuml;nd&amp;uuml;ğ&amp;uuml;m&amp;uuml;z Beyaz Diş&amp;#39;in i&amp;ccedil;eriğinden kısaca bahsedelim.&lt;/p&gt;&lt;p&gt;&amp;nbsp;&lt;/p&gt;&lt;p&gt;&lt;strong&gt;&amp;quot;Beyaz Diş&amp;quot; adlı kitabı neden okumalısınız?&lt;/strong&gt;&lt;/p&gt;&lt;p&gt;Roman, gerek &amp;uuml;slup gerek konu ve karakterleri bakımından son derece dikkat &amp;ccedil;ekici. Eser, diğer kardeşlerinden farklı ve gri renkte bir kurt yavrusunun bakış a&amp;ccedil;ısıyla anlatıldığı i&amp;ccedil;in benzerlerinden ayrılıyor. İyilik, k&amp;ouml;t&amp;uuml;l&amp;uuml;k, kurnazlık ve saldırganlık gibi &amp;ouml;geleri barındıran kitap, karakterlerin değişimi ve olayların kurgusuyla merak uyandırıyor. &amp;quot;Kişinin doğuştan iyi veya k&amp;ouml;t&amp;uuml; olarak doğması m&amp;uuml;mk&amp;uuml;n m&amp;uuml;?&amp;quot;, &amp;quot;İnsanların duyguları zaman i&amp;ccedil;inde değişebilir mi?&amp;quot; gibi sorulara cevap bulabileceğiniz &amp;ouml;yk&amp;uuml; Kuzey Toprakları&amp;#39;nda yaşayan bir kurt s&amp;uuml;r&amp;uuml;s&amp;uuml; ve bu s&amp;uuml;r&amp;uuml;n&amp;uuml;n sahibi ile şekilleniyor. S&amp;uuml;r&amp;uuml;ye yeni katılan bir kurt, zaman i&amp;ccedil;erisinde bu toprakların karakterlerine b&amp;uuml;r&amp;uuml;n&amp;uuml;yor ve olay bambaşka bir h&amp;acirc;l alıyor. Yazar, kitapta &amp;ouml;zellikle zor koşulların neler getirebileceğini ve merhamet, şefkat, acıma gibi duyguların nasıl değişebileceğini &amp;ccedil;arpıcı bir ger&amp;ccedil;eklikle aktarıyor.&lt;/p&gt;', '9786053600138', '05cf7ab5b7f759b5a9d3aadd01a5a658.jpg', 50.00, 256, 37, 3, 3, 1, 1, '2024-05-30 19:32:43', 0),
(12, 'Olağanüstü Bir Gece', '&lt;p&gt;&lt;strong&gt;Olağan&amp;uuml;st&amp;uuml; Bir Gece&lt;/strong&gt;&lt;/p&gt;&lt;p&gt;Olağan&amp;uuml;st&amp;uuml; Bir Gece, se&amp;ccedil;kin bir burjuva olarak rahat ve tasasız varoluşunu s&amp;uuml;rd&amp;uuml;r&amp;uuml;rken giderek duyarsızlaşan bir adamın hayatındaki d&amp;ouml;n&amp;uuml;şt&amp;uuml;r&amp;uuml;c&amp;uuml; deneyimin hik&amp;acirc;yesidir. Sıradan bir pazar g&amp;uuml;n&amp;uuml;n&amp;uuml; at yarışlarında ge&amp;ccedil;irirken, belki de ilk kez burjuva ahlakından saparak &amp;ldquo;su&amp;ccedil;&amp;rdquo; işler. B&amp;ouml;ylece yeniden &amp;ldquo;hissetmeye&amp;rdquo; başladığını, k&amp;ouml;t&amp;uuml;c&amp;uuml;l ve ateşli hazları olan ger&amp;ccedil;ek bir insan olduğunu fark eder. İ&amp;ccedil;indeki haz dolu esrime, aynı g&amp;uuml;n&amp;uuml;n akşamında onu gece &amp;acirc;leminin son atıklarının arasına, &amp;ldquo;hayatın en dibindeki lağımlara&amp;rdquo; s&amp;uuml;r&amp;uuml;kleyecek, varış noktası ise ruhani bir uyanış olacaktır&lt;/p&gt;', '9786053326090', '755989c57a224cf2efca324e35bb8ce4.jpg', 120.00, 80, 37, 1, 3, 1, 1, '2024-05-30 19:34:04', 7),
(13, 'Bilinmeyen Bir Kadının Mektubu', '&lt;p&gt;&lt;strong&gt;Bilinmeyen Bir Kadının Mektubu - Modern Klasikler Dizisi 22&lt;/strong&gt;&lt;/p&gt;&lt;p&gt;Stefan Zweig&amp;rsquo;ın 1922 tarihli bu novellası, saplantılı aşk &amp;uuml;zerine yazılmış en &amp;ccedil;arpıcı metinlerden biridir. Hayatı boyunca kendisinin farkında bile olmayan bir adamı umutsuzca sevmiş bir kadının y&amp;uuml;rek par&amp;ccedil;alayan aşk itirafıdır. Aşkının nesnesi olan kişi ise &amp;ouml;mr&amp;uuml; boyunca bir kez olsun s&amp;ouml;z ve eylemlerinin başkalarının hayatları &amp;uuml;zerindeki etkisini d&amp;uuml;ş&amp;uuml;nmemiştir. Zweig bu yapıtında insanların i&amp;ccedil; &amp;acirc;lemlerine girmek ve onları ger&amp;ccedil;ekten anlamak i&amp;ccedil;in toplum &amp;ouml;n&amp;uuml;ndeki duruş ve davranışlarından yola &amp;ccedil;ıkılamayacağına da dikkat &amp;ccedil;eker. Bu son derece tahripk&amp;acirc;r karşılıksız aşkın hik&amp;acirc;yesi, 1948 yılında Alman y&amp;ouml;netmen Max Oph&amp;uuml;ls&amp;rsquo;&amp;uuml;n imzasını taşıyan unutulmaz bir Hollywood klasiğine de ilham vermiştir.&lt;/p&gt;', '9786254290350', '368da87cd75c83cc0b51dc7ca055cab7.jpg', 50.00, 56, 37, 1, 3, 1, 1, '2024-05-30 19:36:15', 0),
(14, 'Vahşetin Çağrısı', '&lt;p&gt;&lt;strong&gt;Vahşetin &amp;Ccedil;ağrısı Kitap&amp;nbsp;A&amp;ccedil;ıklaması&lt;/strong&gt;&lt;/p&gt;&lt;p&gt;Jack London ya da doğduğunda kendisine verilen isimle John Griffith, 12 Ocak 1876&amp;#39;da San Francisco&amp;#39;da doğdu. &amp;Ccedil;ocukluğunu anne ve baba sevgisinden mahrum ge&amp;ccedil;irdi. İlkokul sıralarındayken Oakland Kasabas&amp;rsaquo;&amp;#39;ndaki abonesi olduğu k&amp;uuml;t&amp;uuml;phanede &amp;quot;edebi annesi&amp;quot; Ina Coolbirth&amp;#39;&amp;uuml; keşfetti. Yaşamı boyunca ona eşlik edecek kitap sevgisi, deniz ve tekne tutkusu bu ortamda filizlendi. İlk teknesi Razzle Dazzle&amp;#39;ı ilkokulu bitirdiği yıl aldı ve 15 yaşında kolay para kazanmak i&amp;ccedil;in teknesi ile San Francisco K&amp;ouml;rfezi&amp;#39;nde maceralı bir hayata atıldı. Ka&amp;ccedil;ak istiridye avladı, Japonya&amp;#39;da fok avlayan bir gemide tayfalık yaptı, ABD&amp;#39;yi bir başına dolaştı. İşsizliğin ve yoksulluğun kol gezdiği yıllarda trenlerde ka&amp;ccedil;ak yolculuk edip, acıktığında dilendi. Gen&amp;ccedil; bedenini hızla k&amp;ouml;t&amp;uuml;ye kullanıp, hastalanmıştı. Yaşam tarzını değiştirmeye karar verip Oakland&amp;#39;a d&amp;ouml;nd&amp;uuml; ve liseye başladı; sınavlarını dışarıdan vererek &amp;uuml;niversiteye girdi. Yazar olması i&amp;ccedil;in başından bir altın macerası ge&amp;ccedil;mesi gerekiyordu.&lt;/p&gt;', '9789944887632', '506cb7638a0249dd409ee6b60e993262.jpg', 25.00, 132, 37, 3, 3, 1, 1, '2024-06-05 17:34:05', 5),
(15, 'Bir Kuzey Macerası', '&lt;p&gt;&lt;strong&gt;Bir Kuzey Macerası Kitap&amp;nbsp;A&amp;ccedil;ıklaması&lt;/strong&gt;&lt;/p&gt;&lt;p&gt;Jack London&amp;rsquo;ın 1900 yılında yayımladığı Kurdun Oğlu adlı derlemenin i&amp;ccedil;inde yer alan Bir Kuzey Macerası, Homeros&amp;rsquo;un Odysseia destanını andıran, zorlu engellerle dolu, &amp;ccedil;etin ve &amp;ldquo;d&amp;ouml;n&amp;uuml;şt&amp;uuml;r&amp;uuml;c&amp;uuml;&amp;rdquo; bir yolculuğun hik&amp;acirc;yesidir. Aleut adalarındaki Akatan&amp;rsquo;da yaşayan kabile reisi Naass, evlendiği g&amp;uuml;n karısı Unga&amp;rsquo;yı denizden &amp;ccedil;ıkıp gelen sarı sa&amp;ccedil;lıbeyaz bir adama kaptırır. İki metreyi aşan boyuyla bir devi andıran, &amp;ldquo;tanrıların d&amp;uuml;nyanın ilk d&amp;ouml;nemlerindeki erkekleri &amp;ouml;rnek alarak kalıba d&amp;ouml;kt&amp;uuml;kleri&amp;rdquo; bu adam, Unga&amp;rsquo;yı sırtına vurduğu gibi gemisine atlayıp oradan uzaklaşmıştır. Naass intikamını almak &amp;uuml;zere azılı d&amp;uuml;şmanının peşinden yollara d&amp;uuml;şer. D&amp;uuml;nyayı dolaşıp bilgi ve g&amp;ouml;rg&amp;uuml;s&amp;uuml;n&amp;uuml; artıracağı, macera dolu yıllar beklemektedir onu&amp;hellip;&lt;/p&gt;', '9786052953433', 'df2d4f07d6e4971da400671b35ca0a9d.jpg', 16.00, 56, 37, 3, 3, 1, 1, '2024-06-05 17:38:01', 10),
(16, 'Ateş Yakmak', '&lt;p&gt;&lt;strong&gt;Ateş Yakmak Kitap&amp;nbsp;A&amp;ccedil;ıklaması&lt;/strong&gt;&lt;/p&gt;&lt;p&gt;Jack London, Kuzey topraklarını konu alan eserlerinde okurlarını buzla sarmalanmış bir diyarda adım adım gezdirir. Biri 1902&amp;rsquo;de, &amp;ouml;b&amp;uuml;r&amp;uuml; 1908&amp;rsquo;de yayımlanan ve &amp;ldquo;Ateş Yakmak&amp;rdquo; başlığını paylaşsalar da birbirlerinden olay &amp;ouml;rg&amp;uuml;s&amp;uuml; y&amp;ouml;n&amp;uuml;nden ayrılan iki hik&amp;acirc;yeyle, &amp;ldquo;Yaşama Azmi&amp;rdquo; adlı &amp;uuml;&amp;ccedil;&amp;uuml;nc&amp;uuml; bir hik&amp;acirc;yenin bir araya getirildiği bu derlemede de Jack London insanın buz kaplı doğayla ve kendi benliğiyle y&amp;uuml;zleşmesini anlatır.&amp;nbsp; Gen&amp;ccedil;liğinde Klondike b&amp;ouml;lgesine altın aramaya giden ve soğuğun h&amp;uuml;k&amp;uuml;m s&amp;uuml;rd&amp;uuml;ğ&amp;uuml; bu topraklarda bizzat yaşamış olan London, Alaska&amp;rsquo;dan Yukon&amp;rsquo;a, Kolondike&amp;rsquo;ten Kanada tundralarına kadar y&amp;ouml;renin coğrafyasına ve sakinlerine olduk&amp;ccedil;a h&amp;acirc;kimdir.&amp;nbsp;Jack London&amp;rsquo;ın karakterleri Kuzey&amp;rsquo;in d&amp;ouml;rt bir yanda uzanan bembeyaz topraklarında vahşi doğanın g&amp;uuml;c&amp;uuml;yle amansız bir m&amp;uuml;cadele halindedir. Doğanın, soğuğun ve pek iyi bilmedikleri bir coğrafyanın pen&amp;ccedil;esinde, hayata tutunmaya &amp;ccedil;alışırlar.&amp;nbsp; Ve ateş yakmak, bu varoluş m&amp;uuml;cadelesinin ilk adımıdır.&lt;/p&gt;', '9786052957868', 'be4b16ca0f23b44a6a2bfc6d3a427859.jpg', 19.00, 64, 37, 3, 3, 1, 1, '2024-06-05 17:40:06', 20),
(17, 'Kızıl Veba', '&lt;p&gt;&lt;strong&gt;Kızıl Veba-Modern Klasikler Dizisi 152 Kitap&amp;nbsp;A&amp;ccedil;ıklaması&lt;/strong&gt;&lt;/p&gt;&lt;p&gt;Jack London, 1912 yılında İngiltere&amp;rsquo;de London Magazine&amp;rsquo;de yayımlanmaya başlayan Kızıl Veba yapıtıyla &amp;ldquo;kıyamet sonrası&amp;rdquo; edebiyatın &amp;ouml;nc&amp;uuml;leri arasına girmiştir. N&amp;uuml;fustaki, bilim ve teknikteki, ekonomideki sı&amp;ccedil;ramaların b&amp;uuml;y&amp;uuml;s&amp;uuml;yle g&amp;ouml;zlerin kamaştığı bir &amp;ccedil;ağda yazar, uygarlığımızın kırılganlığını anımsatır. Yapıtı milyonlarca insanın doldurduğu şehirlerin ve kırların ıssızlığa teslim oluşundaki hızı b&amp;uuml;t&amp;uuml;n &amp;ccedil;arpıcılığıyla ortaya koyar. Yalnızca n&amp;uuml;fusun değil, bilginin, &amp;uuml;retimin, hatta dilin yitirilişi, eski uygarlıkla k&amp;ouml;pr&amp;uuml; olan bir profes&amp;ouml;r&amp;uuml;n g&amp;ouml;z&amp;uuml;nden yeni insanlığa anlatılır. Peki yeni insanlık bu ihtiyara kulak verecek midir? Kızıl Veba&amp;rsquo;da yirminci y&amp;uuml;zyılın başından y&amp;uuml;z yıl sonrasına, 2010&amp;rsquo;lar d&amp;uuml;nyasına bakan Jack London&amp;rsquo;ın &amp;ouml;ng&amp;ouml;r&amp;uuml;lerindeki keskinlik, kitabı bir klasik olmanın &amp;ouml;tesinde, g&amp;uuml;n&amp;uuml;m&amp;uuml;z i&amp;ccedil;in h&amp;acirc;l&amp;acirc; canlı bir eleştiri kılıyor.&lt;/p&gt;', '9786257070782', '3ee3ae449002baa0dd575b9a192ad733.jpg', 16.00, 80, 37, 3, 3, 1, 1, '2024-06-05 17:41:07', 27),
(18, 'Kuyucaklı Yusuf', '&lt;p&gt;&lt;strong&gt;Kuyucaklı Yusuf&lt;/strong&gt;&lt;br /&gt;1900&amp;#39;lere doğru yolculuğa &amp;ccedil;ıkarak Ege&amp;#39;nin k&amp;uuml;&amp;ccedil;&amp;uuml;k bir k&amp;ouml;y&amp;uuml;nde yaşananlara tanıklık etmeye ne dersiniz? Cevabınız &amp;quot;Evet.&amp;quot; ise Sabahattin Ali&amp;#39;nin soluksuz okuyacağınız romanı Kuyucaklı Yusuf tam size g&amp;ouml;re! Sabahattin Ali, romanında insanların savundukları değerler uğruna verdikleri m&amp;uuml;cadeleleri, adalet kavramını ve aşkı konu alıyor. Gelin, birlikte edebiyat d&amp;uuml;nyasında yankılar uyandıran ve e-kitap olarak da yayımlanan bu romanı inceleyelim.&lt;br /&gt;&lt;br /&gt;&lt;strong&gt;&amp;quot;Kuyucaklı Yusuf&amp;quot; adlı kitabı neden okumalısınız?&lt;/strong&gt;&lt;br /&gt;Kuyucaklı Yusuf&amp;#39;un hik&amp;acirc;yesi, Aydın&amp;#39;ın bir k&amp;ouml;y&amp;uuml; olan Kuyucak&amp;#39;ta başlıyor. Kitabın başkahramanı Yusuf, 9 yaşındayken ailesinin haydutlar tarafından katledilmesiyle &amp;ouml;ks&amp;uuml;z kalıyor. Yusuf&amp;#39;u Kaymakam Selahattin Bey evlat ediniyor. Yeni hayatına uyum sağlamaya &amp;ccedil;alışan Yusuf, ge&amp;ccedil;mişini de unutamıyor. Yusuf ve ailesi, &amp;uuml;vey babasının g&amp;ouml;rev yerinin değişmesiyle birlikte farklı bir şehre g&amp;ouml;&amp;ccedil; etmek durumunda kalıyor. Ancak k&amp;ouml;y ve şehir hayatındaki farklılıklar Yusuf&amp;rsquo;un hayatını etkilemeye başlıyor. Yusuf ile &amp;uuml;vey kardeşi Muazzez arasında yoğun duygular gelişmeye başlıyor. Ali, bu romanında sınıf &amp;ccedil;atışmasının insanlar &amp;uuml;zerindeki etkisinden bireyin i&amp;ccedil; d&amp;uuml;nyasına kadar pek &amp;ccedil;ok konuya değiniyor. Yusuf karakteriyle yaşadığı topluma adapte olmakta g&amp;uuml;&amp;ccedil;l&amp;uuml;k &amp;ccedil;eken bir kişinin insanlarla anlaşmazlıklarını, duygularını, yalnızlığını ve g&amp;ouml;&amp;ccedil; unsurunun etkilerini analiz edebilirsiniz. T&amp;uuml;m sorunlara ve gelişmelere ek olarak s&amp;uuml;r&amp;uuml;kleyici bir aşk hik&amp;acirc;yesine de tanıklık edebilirsiniz. Yusuf&amp;#39;un Muazzez&amp;rsquo;e karşı beslediği duyguları, su gibi akıp giden betimlemelerle takip edebilirsiniz. Toplumu g&amp;ouml;zlemleyen, toplumsal değerleri etkileyici bir bi&amp;ccedil;imde tahlil eden Ali&amp;#39;nin romanıyla heyecanlı ve keyifli bir okuma deneyimi yaşayabilirsiniz.&lt;br /&gt;&lt;br /&gt;&lt;strong&gt;Bunları biliyor muydunuz?&lt;/strong&gt;&lt;br /&gt;Sabahattin Ali&amp;#39;nin Kuyucaklı Yusuf&amp;#39;u hapishane yıllarında tanıştığı bir kişinin hayat hik&amp;acirc;yesinden esinlenerek kaleme aldığını biliyor muydunuz? Kuyucaklı Yusuf aynı zamanda yazarın roman t&amp;uuml;r&amp;uuml;nde yazdığı ilk eseridir. Kurgusuyla &amp;ouml;ne &amp;ccedil;ıkan bu roman, 1937 yılından bu yana okurlarıyla buluşur. Yaklaşık bir asırdır defalarca baskıya girer. Sabahattin Ali, diğer eserlerinde olduğu gibi Kuyucaklı Yusuf&amp;#39;ta da toplumsal meselelere dikkat &amp;ccedil;eker. Yapı Kredi Yayınları &amp;ouml;nc&amp;uuml;l&amp;uuml;ğ&amp;uuml;nde e-kitap olarak da satışa sunulan eser, 1985 yılında Kuyucaklı Yusuf (IMDb:5,7/10) filmiyle beyaz perdeye de uyarlanır. D&amp;ouml;nemin tanınan akt&amp;ouml;rlerinin de rol aldığı Kuyucaklı Yusuf&amp;#39;un &amp;ccedil;ekimleri &amp;Ccedil;anakkale&amp;#39;ye bağlı K&amp;uuml;&amp;ccedil;&amp;uuml;kkuyu beldesinde ger&amp;ccedil;ekleşir.&lt;br /&gt;&lt;br /&gt;&lt;strong&gt;Bu kitabı sevenler i&amp;ccedil;in diğer &amp;ouml;nerilerimiz&lt;/strong&gt;&lt;br /&gt;Toplumsal ger&amp;ccedil;ek&amp;ccedil;ilik edeb&amp;icirc; anlayışı &amp;ccedil;er&amp;ccedil;evesinde eserler &amp;uuml;reten Sabahattin Ali&amp;#39;nin Kuyucaklı Yusuf adlı romanını keyifle okuduysanız yazarın diğer eserlerine de şans verebilirsiniz. İ&amp;ccedil;imizdeki Şeytan&amp;#39;la toplumsal olayların bireyler &amp;uuml;zerindeki etkisine ve Sır&amp;ccedil;a K&amp;ouml;şk&amp;#39;le halk ve iktidar ilişkisine daha yakından bakabilirsiniz. Akıcı &amp;ouml;yk&amp;uuml;lerden hoşlanıyorsanız Yeni D&amp;uuml;nya&amp;#39;yı ve Değirmen&amp;#39;i de tercih edebilirsiniz. Ali&amp;#39;nin eserlerini hemen okumaya başlamak istiyorsanız e-kitaplarına g&amp;ouml;z atabilir, avantajlı fiyatlarla satın alabilirsiniz.&lt;/p&gt;', '9789750800016', '9d2eef2e543b848cde0a394d3f8a8bb2.jpg', 27.00, 221, 42, 2, 7, 1, 1, '2024-06-06 19:49:21', 25),
(19, 'İçimizdeki Şeytan', '&lt;p&gt;&lt;strong&gt;İ&amp;ccedil;imizdeki Şeytan&lt;/strong&gt;&lt;/p&gt;&lt;p&gt;&amp;quot;İsteyip istemedeğimi doğru d&amp;uuml;r&amp;uuml;st bilmediğim, fakat neticede aleyhime &amp;ccedil;ıkarsa istemediğimi iddia ettiğim bu nevi s&amp;ouml;z ve fiillerimin daimi bir mesul&amp;uuml;n&amp;uuml; bulmuştum: Buna i&amp;ccedil;imdeki şeytan diyordum, m&amp;uuml;dafaasını &amp;uuml;zerime almaktan korktuğum b&amp;uuml;t&amp;uuml;n hareketlerimi ona y&amp;uuml;kl&amp;uuml;yor ve kendi suratıma t&amp;uuml;k&amp;uuml;receğim yerde, haksızlığa, tesad&amp;uuml;f&amp;uuml;n cilvesine uğramış bir mazlum gibi nefsimi şefkat ve ihtimama layık g&amp;ouml;r&amp;uuml;yordum. Halbuki ne şeytanı azizim, ne şeytanı? Bu bizim gururumuzun, salaklığımızın uydurması..&amp;quot;&lt;br /&gt;&lt;br /&gt;Bu romanında, toplumsal g&amp;uuml;ndemin kişilikler &amp;uuml;zerindeki baskısını ve g&amp;uuml;&amp;ccedil;s&amp;uuml;z insanın &amp;quot;kapana kısılmışlığını&amp;quot; g&amp;ouml;steriyor Sabahattin Ali. Aydın ge&amp;ccedil;inenlerin karanlığına, &amp;quot;insanın i&amp;ccedil;indeki şeytan&amp;quot;a keskin bir bakış.&lt;/p&gt;', '9789753638036', '913ff7b6fb80c7efe8a153ae15e712e8.jpg', 33.00, 304, 42, 2, 7, 1, 1, '2024-06-06 19:50:38', 15),
(20, 'Ay Işığı Sokağı', '&lt;p&gt;&lt;strong&gt;Ay Işığı Sokağı&lt;/strong&gt;&lt;/p&gt;&lt;p&gt;Fransa&amp;rsquo;nın bir liman kentinin denizci mahallesinde gezinirken duyduğu arya s&amp;ouml;yleyen sesi izleyerek tanımadığı insanların marazi hayatlarına dalan bir gezgin; patronuna k&amp;ouml;lece bağlılığı y&amp;uuml;z&amp;uuml;nden korkun&amp;ccedil; bir eyleme s&amp;uuml;r&amp;uuml;klenen karanlık, itici ve yabani bir hizmet&amp;ccedil;i; 1810 yılında İspanya&amp;rsquo;daki savaşta yaralanan, d&amp;uuml;şman bir &amp;uuml;lkede amansız bir hayatta kalma m&amp;uuml;cadelesine girişen bir Fransız albay; 1918 yılının bir yaz gecesi Leman g&amp;ouml;l&amp;uuml;nde bulunup kurtarılan, ancak sonra y&amp;uuml;reğini kavuran yurt &amp;ouml;zlemine yenik d&amp;uuml;şen bir Rus savaş esiri; yaşıtları &amp;uuml;niversiteye giderken h&amp;acirc;l&amp;acirc; liseye devam eden avare bir gencin &amp;ouml;ğretmeninin otoritesine isyan ettikten sonra &amp;ouml;dediği ağır bedel. Zweig bu &amp;ouml;yk&amp;uuml;lerde insanı insanlıktan &amp;ccedil;ıkarıp en u&amp;ccedil; noktalara s&amp;uuml;r&amp;uuml;kleyen deneyimlerin izini s&amp;uuml;rerken, okuru da ister istemez karakterlerinin ruh &amp;ccedil;alkantılarının i&amp;ccedil;ine &amp;ccedil;ekiyor&amp;hellip;&lt;/p&gt;', '9786052950722', '51139364404386ea63a2ae50bcce8dca.jpg', 16.00, 80, 37, 1, 3, 1, 1, '2024-06-06 19:52:30', 45),
(21, 'Satranç', '&lt;p&gt;&lt;strong&gt;Satran&amp;ccedil;&lt;/strong&gt;&lt;/p&gt;&lt;p&gt;Satran&amp;ccedil;, Zweig&amp;rsquo;ın novella t&amp;uuml;r&amp;uuml;nde eriştiği ustalığı g&amp;ouml;zler &amp;ouml;n&amp;uuml;ne seren en son yapıtı; aynı zamanda bir edebi veda mektubudur. İkinci D&amp;uuml;nya Savaşı y&amp;uuml;z&amp;uuml;nden &amp;uuml;lkesini terk eden yazarın, &amp;ccedil;ok sevdiği Avrupa&amp;rsquo;nın i&amp;ccedil;ler acısı durumunun ve zorunlu g&amp;ouml;&amp;ccedil;&amp;uuml;n yarattığı derin umutsuzluk sonucu yaşamına son vermesinden bir yıl &amp;ouml;nce, 1941&amp;rsquo;de yayımlanmıştır. Buenos Aires&amp;rsquo;e gitmek &amp;uuml;zere New York&amp;rsquo;tan hareket eden b&amp;uuml;y&amp;uuml;k bir geminin yolcuları arasında d&amp;uuml;nya satran&amp;ccedil; şampiyonu Mirko Czentovic de vardır. Satran&amp;ccedil; meraklısı bir grup yolcu kendisiyle oynadıkları ilk partiyi kaybeder. Czentovic ikinci partiyi de kazanmak &amp;uuml;zereyken, aniden zuhur eden Dr. B. adlı şahsın m&amp;uuml;dahale ve y&amp;ouml;nlendirmesiyle oyun berabere biter. Bunun &amp;uuml;zerine Dr. B., Czentovic&amp;rsquo;le tek başına oynamaya ikna edilir. Ancak bir eğlence olarak başlayan satran&amp;ccedil; oyunu, Nazilerin yarattığı korku ve dehşet ikliminden payına d&amp;uuml;şeni alan bu adamda bazı travmatik anıları canlandıracaktır.&lt;/p&gt;', '9786254293894', '8bdd1ade4989f8b5d46111e1d394c2d7.jpg', 19.00, 72, 37, 1, 3, 1, 1, '2024-06-06 19:54:21', 60),
(22, 'Suç ve Ceza', '&lt;p&gt;&lt;strong&gt;Su&amp;ccedil; ve Ceza&lt;/strong&gt;&lt;/p&gt;&lt;p&gt;T&amp;uuml;m zamanların en &amp;ccedil;ok konuşulan romanlarından&amp;nbsp;&lt;em&gt;Su&amp;ccedil; ve Ceza&lt;/em&gt;, psikolojik derinliği ve topluma tuttuğu aynayla g&amp;uuml;ndemde kalmaya devam ediyor. St. Petersburg&amp;rsquo;dan d&amp;uuml;nyaya yayılan, hatta sınırlarını edebiyatın dışına &amp;ccedil;ıkararak tartışma platformlarına ve sinema festivallerine taşıyan bu yapıt, tekrar tekrar okunmaya ve konuşulmaya değer!&lt;/p&gt;&lt;p&gt;D&amp;uuml;nyanın en b&amp;uuml;y&amp;uuml;k yazarlarından kabul edilen Rus Yazar Fyodor Mihaylovi&amp;ccedil; Dostoyevski&amp;rsquo;nin 1866&amp;rsquo;da yayımlanan &amp;ouml;l&amp;uuml;ms&amp;uuml;z eseri&amp;nbsp;&lt;em&gt;Su&amp;ccedil; ve Ceza&lt;/em&gt;, t&amp;uuml;m insanlığı kavrayan bir &amp;ouml;yk&amp;uuml;ye sahip. Aklın, inancın ve eylemlerin vicdan ile muhakemesini t&amp;uuml;m &amp;ccedil;ıplaklığıyla yansıtan eser, sizi hem su&amp;ccedil;lu hem yargı&amp;ccedil; olduğunuz 705 sayfalık bir soruşturmanın i&amp;ccedil;ine &amp;ccedil;ekiyor.&lt;/p&gt;&lt;p&gt;&lt;strong&gt;Raskolnikov&amp;rsquo;un İ&amp;ccedil; D&amp;uuml;nyasına Bir Yolculuk Yapmaya Hazır Mısınız?&lt;/strong&gt;&lt;/p&gt;&lt;p&gt;&lt;em&gt;Su&amp;ccedil; ve Ceza&lt;/em&gt;; Rodion Romanovi&amp;ccedil; Raskolnikov adındaki bir gencin işlediği &amp;ccedil;ifte cinayet &amp;uuml;zerine yaşadıklarını konu alıyor. Raskolnikov, bir yandan hukuk &amp;ouml;ğrenimi g&amp;ouml;r&amp;uuml;rken diğer yandan yoksullukla boğuşan bir gen&amp;ccedil;. Para ihtiyacını ise tefeci bir kadına eşyalarını bırakarak karşılıyor. Yoksulluğuna &amp;ccedil;are bulamadığı gibi tefeciden yakasını da kurtaramayan Raskolnikov, bu kadının toplumun iyiliği i&amp;ccedil;in &amp;ouml;lmesi gerektiğini d&amp;uuml;ş&amp;uuml;nmeye başlıyor.&lt;/p&gt;&lt;p&gt;Bir g&amp;uuml;n Raskolnikov, kendi maddi problemlerinin yanı sıra ailesinden de k&amp;ouml;t&amp;uuml; bir haber alıyor. Kız kardeşinin kendisinden yaş&amp;ccedil;a &amp;ccedil;ok b&amp;uuml;y&amp;uuml;k biriyle evleneceğini duyması, ona yeni bir darbe indiriyor. Bunun &amp;uuml;zerine Raskolnikov, tefeciyi &amp;ouml;ld&amp;uuml;rmeyi aklına koyarak kendini evden dışarı atıyor. Tefeci kadını &amp;ouml;ld&amp;uuml;r&amp;uuml;p m&amp;uuml;cevherleri alıyor ancak işlediği cinayete kimsenin tanıklık etmemesi i&amp;ccedil;in onun kız kardeşini de &amp;ouml;ld&amp;uuml;rmek zorunda kalıyor.&lt;/p&gt;&lt;p&gt;Raskolnikov&amp;rsquo;un ruh hali, bu &amp;ccedil;ifte cinayetle birlikte yerle bir oluyor. İşlediği su&amp;ccedil;u kimse g&amp;ouml;rmemiş olmasına rağmen korkusu ve vicdanı onu b&amp;uuml;y&amp;uuml;k bir mahkumiyete s&amp;uuml;r&amp;uuml;kl&amp;uuml;yor. Bir yandan mağdur, diğer yandan katil&amp;hellip; Raskolnikov&amp;rsquo;u cinayete iten sebepler, onun alt &amp;uuml;st olan i&amp;ccedil; d&amp;uuml;nyası ve sonrası ile siz de onun yeniden doğuşuna şahit olacaksınız. Bu kitabı okurken, kalp atışınızın arttığını duyumsayacaksınız.&amp;nbsp;&amp;nbsp;&lt;/p&gt;&lt;p&gt;&lt;strong&gt;En Sevilen Kitaplara Hemen Şimdi Sahip Olun!&lt;/strong&gt;&lt;/p&gt;&lt;p&gt;&amp;ldquo;&amp;Ouml;lmeden &amp;Ouml;nce Mutlaka Okunması Gereken Kitaplar&amp;rdquo; listelerinin ilk sıralarında yer alan&amp;nbsp;&lt;em&gt;Su&amp;ccedil; ve Ceza&lt;/em&gt;&amp;rsquo;yı hala okumadınız mı? D&amp;uuml;nyanın en &amp;uuml;nl&amp;uuml; su&amp;ccedil;lularından Raskolnikov&amp;rsquo;un zorlu ve s&amp;uuml;r&amp;uuml;kleyici &amp;ouml;yk&amp;uuml;s&amp;uuml;n&amp;uuml;n zaman &amp;ouml;tesi bir tanığı olmak i&amp;ccedil;in&amp;nbsp;&lt;em&gt;Su&amp;ccedil; ve Ceza&lt;/em&gt;&amp;rsquo;yı siz de hemen şimdi sepetinize ekleyin!&lt;/p&gt;', '9789754589023', 'ada10f8e928b84f47110f96145d1280b.jpg', 84.00, 687, 60, 7, 3, 1, 0, '2024-06-06 23:01:45', 73),
(23, 'İnsan Neyle Yaşar?', '&lt;p&gt;&lt;strong&gt;İnsan Neyle Yaşar?&lt;/strong&gt;&lt;/p&gt;&lt;p&gt;İnsanın yaşamının dikkat g&amp;ouml;sterilmemiş ayrıntılarını Lev Nikolayevi&amp;ccedil; Tolstoy&amp;#39;la birlikte kısa ve akıcı bir bi&amp;ccedil;imde keşfetmek ister misiniz? Sizleri i&amp;ccedil;sel arayışlara y&amp;ouml;nlendirecek olan İnsan Neyle Yaşar?, yaşamdaki tezatları ve diğer hayatlarla olan benzerlikleri g&amp;ouml;zler &amp;ouml;n&amp;uuml;ne seriyor. Gelin, usta yazarın g&amp;uuml;&amp;ccedil;l&amp;uuml; kurgusuyla şekillenen bu romanın i&amp;ccedil;eriğinden kısaca bahsedelim.&lt;/p&gt;&lt;p&gt;&amp;nbsp;&lt;/p&gt;&lt;p&gt;&lt;strong&gt;&amp;quot;İnsan Neyle Yaşar?&amp;quot; adlı kitabı neden okumalısınız?&lt;/strong&gt;&lt;/p&gt;&lt;p&gt;Yazarın İnsan Neyle Yaşar? romanı, yazıldığı d&amp;ouml;nemin ahl&amp;acirc;k anlayışını edeb&amp;icirc; bir anlatım ile harmanlıyor. Rus edebiyatının en kıymetli yapıtlarından biri olan eser a&amp;ccedil;g&amp;ouml;zl&amp;uuml;l&amp;uuml;k, tatminsizlik ve sevgi temalarını işliyor. Yazar, bu temaları farklı bağlamlarda okura aktararak ders vermeyi ama&amp;ccedil;lıyor. &amp;Ccedil;eşitli insan tiplemelerini bir arada bulabileceğiniz ve hik&amp;acirc;yelerine temas edebileceğiniz roman altı ayrı başlıktaki kısa &amp;ouml;yk&amp;uuml;lerden oluşuyor. 19. y&amp;uuml;zyılın sonlarında Rusya&amp;#39;nın i&amp;ccedil;inde bulunduğu siyasi, ekonomik ve toplumsal sorunlar romanda a&amp;ccedil;ık&amp;ccedil;a g&amp;ouml;r&amp;uuml;l&amp;uuml;yor. Yazarlığının yanında filozof kimliğine de sahip olan Tolstoy, Rus toplumunun yaşadığı siyasi ve ekonomik buhrana dair g&amp;ouml;zlemlerini felsef&amp;icirc; bir bakış a&amp;ccedil;ısıyla ele alıyor. Bu konulara &amp;Ccedil;arlık y&amp;ouml;netiminde en b&amp;uuml;y&amp;uuml;k sorun olan yoksulluk &amp;uuml;zerinden değiniliyor. Yazar dindarlaşmayla birlikte yoksulluğun da arttığına vurgu yapıyor. Yetişkin okurların kitabı keyifle okuyacağını ve baş ucu eseri yapacağını d&amp;uuml;ş&amp;uuml;n&amp;uuml;yoruz. Son derece a&amp;ccedil;ık, akıcı ve g&amp;uuml;&amp;ccedil;l&amp;uuml; bir &amp;uuml;sluba sahip İnsan Neyle Yaşar? romanında işlenen temalar ve konu aldığı tarih&amp;icirc; d&amp;ouml;nem ilginizi &amp;ccedil;ektiyse esere bir şans verebilirsiniz. Ayrıca romanı seveceğini d&amp;uuml;ş&amp;uuml;nd&amp;uuml;ğ&amp;uuml;n&amp;uuml;z arkadaşlarınıza da hediye edebilirsiniz.&lt;/p&gt;&lt;p&gt;&amp;nbsp;&lt;/p&gt;&lt;p&gt;&lt;strong&gt;Bunları biliyor muydunuz?&lt;/strong&gt;&lt;/p&gt;&lt;p&gt;D&amp;uuml;nyanın en &amp;ouml;nemli yazarlarından biri olan Rus asıllı Lev Nikolayevi&amp;ccedil; Tolstoy&amp;#39;un İnsan Neyle Yaşar? romanının d&amp;uuml;nya klasikleri arasında yer aldığını ve onlarca dilde terc&amp;uuml;mesinin bulunduğunu biliyor muydunuz? Roman, Koray Karasulu&amp;#39;nun &amp;ccedil;evirisiyle Rus&amp;ccedil;adan dilimize kazandırılır ve son baskı 2016 yılında ger&amp;ccedil;ekleşir. 112 sayfadan oluşan roman, kısa ama bir o kadar da etkileyici bir anlatımla okurun karşısına &amp;ccedil;ıkar. T&amp;uuml;rkiye İş Bankası K&amp;uuml;lt&amp;uuml;r Yayınları etiketiyle raflardaki yerini alır. Yazarın Avrupa seyahatleri ile şekillenen politik bakış a&amp;ccedil;ısı bu roman başta olmak &amp;uuml;zere diğer edeb&amp;icirc; eserlerinde de g&amp;ouml;r&amp;uuml;l&amp;uuml;r.&lt;/p&gt;', '9786053607038', '60ec2cd06b3304cdb35baa7a2cd51b24.jpg', 18.00, 101, 60, 8, 3, 1, 0, '2024-06-06 23:04:09', 60),
(24, 'Bir İdam Mahkumunun Son Günü', '&lt;p&gt;&lt;strong&gt;Bir İdam Mahkumunun Son G&amp;uuml;n&amp;uuml;&lt;/strong&gt;&lt;/p&gt;&lt;p&gt;Victor Hugo (1802-1885): Fransız edebiyatının en &amp;uuml;nl&amp;uuml; yazarlarından biri olan sanat&amp;ccedil;ı, edebi &amp;uuml;n&amp;uuml;n&amp;uuml; şiirleri ve oyunları ile kazandı. Romantik akımın en tanınmış adları arasında yer aldı. Toplumsal sorunlar ve politikayla yakından ilgilendi, 1848 ayaklanmalarının ardından Kurucu Meclise katıldı, daha sonra milletvekilliği yaptı, lEv&amp;eacute;nement adlı bir gazete &amp;ccedil;ıkardı. 1852de Louis Bonaparteın imparatorluğunu ilan ettiği h&amp;uuml;k&amp;uuml;met darbesine karşı &amp;ccedil;ıktığı i&amp;ccedil;in s&amp;uuml;rg&amp;uuml;n edildi. Cezası 1859da sona erdi, fakat imparatorluk yıkılana kadar g&amp;ouml;n&amp;uuml;ll&amp;uuml; olarak s&amp;uuml;rg&amp;uuml;nde kaldı, 1870de Fransaya d&amp;ouml;nd&amp;uuml;. 1871de Paris Kom&amp;uuml;n&amp;uuml;n&amp;uuml; desteklemese de kom&amp;uuml;nc&amp;uuml;leri savundu. Victor Hugo 1829 yılında yayımladığı Bir İdam Mahk&amp;ucirc;mununSon G&amp;uuml;n&amp;uuml; adlı romanıyla idam cezasına taviz vermez bir tavırla karşı &amp;ccedil;ıktı. Klasik edebiyatın şaheserleri arasında yer alan Notre-Dameın Kamburu ve Sefiller adlı romanlarıyla d&amp;uuml;nya edebiyat tarihine ge&amp;ccedil;ti.&lt;/p&gt;', '9786053609902', 'df02024887d5a9839ef844e38d120698.jpg', 22.00, 130, 60, 9, 3, 1, 0, '2024-06-06 23:06:42', 40),
(25, 'Altıncı Koğuş', '&lt;p&gt;&lt;strong&gt;Altıncı Koğuş&lt;/strong&gt;&lt;/p&gt;&lt;p&gt;&amp;Ccedil;ehov bir taşra kasabasındaki akıl hastanesinde ge&amp;ccedil;en bu novellasında, eğitimli bir hasta olan İvan Dmitri&amp;ccedil; ile Doktor Andrey Yefimı&amp;ccedil; arasındaki felsefi &amp;ccedil;atışmaya odaklanır. İvan Dmitri&amp;ccedil; maruz kaldıkları adaletsizliğe, i&amp;ccedil;inde yaşamaya zorlandıkları berbat koşullara karşı &amp;ccedil;ıkarken, Andrey Yefimı&amp;ccedil; bunları g&amp;ouml;rmezden gelmekte ısrar eder ve durumu değiştirmek i&amp;ccedil;in kılını bile kıpırdatmaz. Doktor sonunda i&amp;ccedil;ine d&amp;uuml;şt&amp;uuml;ğ&amp;uuml; &amp;ldquo;felsefi&amp;rdquo; yanılgının farkına vardığında ise artık iş işten ge&amp;ccedil;miştir. Altıncı Koğuş, Rusya&amp;#39;nın ve &amp;uuml;lkenin sorunlarıyla ilgilenmek yerine onları uzaktan izlemeyi tercih eden elit Rus aydınının &amp;ldquo;deliliği&amp;rdquo;nin simgesidir adeta.&lt;br /&gt;Altıncı Koğuş, Russkaya Mısl dergisinin 1892 kasım sayısında yayımlandığında b&amp;uuml;y&amp;uuml;k ilgi g&amp;ouml;rm&amp;uuml;şt&amp;uuml;. Hatta Lenin&amp;#39;in de yapıtı okuduktan sonra dehşete kapıldığı, &amp;ldquo;Kendimi Altıncı Koğuş&amp;#39;a kapatılmış gibi hissettim&amp;rdquo; dediği rivayet edilir.&lt;/p&gt;', '9786052951569', '43486a5e65439842eb276ec0579498b4.jpg', 19.00, 88, 60, 10, 3, 1, 1, '2024-06-06 23:09:16', 20),
(26, 'Kumarbaz', '&lt;p&gt;&lt;strong&gt;Kumarbaz Kitap&lt;/strong&gt;&lt;/p&gt;&lt;p&gt;Kumarbaz, psikolojik realizmin en başarılı kalemlerinden biri kabul edilen Dostoyevski&amp;rsquo;nin kumar borcunu &amp;ouml;deyebilmek i&amp;ccedil;in yirmi dokuz g&amp;uuml;nde bitirdiği, romanın ana karakteri Aleksey İvanovi&amp;ccedil;&amp;rsquo;i de kendisinden esinlenerek yarattığı romanıdır. D&amp;uuml;nyanın &amp;ccedil;eşitli &amp;uuml;lkelerinden gelen kumarbazların toplandığı kurmaca bir Alman kasabası olan Rulettenburg&amp;rsquo;da ge&amp;ccedil;en roman, Dostoyevski&amp;#39;nin 1862&amp;rsquo;de yaptığı Avrupa seyahatinin izlenimleriyle doludur. Dostoyevski&amp;rsquo;nin de bizzat m&amp;uuml;cadele ettiği parasızlık ve kumar d&amp;uuml;şk&amp;uuml;nl&amp;uuml;ğ&amp;uuml;n&amp;uuml; anlatan Kumarbaz, korkun&amp;ccedil; ve amansız bir saplantının, harcanan bir hayatın &amp;ouml;yk&amp;uuml;s&amp;uuml;d&amp;uuml;r.&lt;/p&gt;', '9789750751400', '5188ce1b8b462c085115d3bd4daea1a5.jpg', 48.00, 192, 60, 7, 8, 1, 1, '2024-06-06 23:11:33', 23),
(27, 'Beyaz Zambaklar Ülkesinde', '&lt;p&gt;&lt;strong&gt;Beyaz Zambaklar &amp;Uuml;lkesinde&lt;/strong&gt;&lt;/p&gt;&lt;p&gt;Grigori Petrov, yayımlandığı d&amp;ouml;nemde Balkanlarda olduğu kadar gen&amp;ccedil; T&amp;uuml;rkiye&amp;rsquo;de de b&amp;uuml;y&amp;uuml;k bir ilgiyle karşılanan Beyaz Zambaklar &amp;Uuml;lkesinde eserinde, uzun yıllar ulus kimliğine sahip olamamış, işgaller, toplumsal eşitsizlikler, yoksulluk ve t&amp;uuml;rl&amp;uuml; g&amp;uuml;&amp;ccedil;l&amp;uuml;klerle boğuşmuş k&amp;uuml;&amp;ccedil;&amp;uuml;c&amp;uuml;k bir &amp;uuml;lkenin her y&amp;ouml;nden kalkınmasının hik&amp;acirc;yesi b&amp;uuml;y&amp;uuml;k bir hayranlık ve sevgiyle anlatır. Bir avu&amp;ccedil; aydının kılavuzluğunda halkın her kesiminden insan, aydınlar, iş&amp;ccedil;iler, k&amp;ouml;yl&amp;uuml;ler, sanat&amp;ccedil;ılar, zanaatk&amp;acirc;rlar, eğitimciler &amp;ouml;rneğine az rastlanan bir &amp;ccedil;abayla k&amp;uuml;&amp;ccedil;&amp;uuml;k &amp;uuml;lkelerine, uluslarına sahip &amp;ccedil;ıkarlar. Grigori Petrov da sonu&amp;ccedil;larını bizzat g&amp;ouml;rd&amp;uuml;ğ&amp;uuml; bu &amp;ccedil;abayı, birlik ve beraberliğin, ulus bilincine sahip olmanın değerini, masalsı &amp;uuml;slubuyla eserinin hemen her sayfasında vurgular. Petrov&amp;rsquo;un Bulgar aydınlarına ithaf ettiği, onlar i&amp;ccedil;in bir kılavuz olarak tasarladığı bu &amp;ouml;zg&amp;uuml;n eser, T&amp;uuml;rk&amp;ccedil;eye ilk kez 1928 yılında Bulgarcadan &amp;ccedil;evrildi. O tarihten beri defalarca basıldı, pek &amp;ccedil;ok kez yeni &amp;ccedil;evirisi yapıldı, harp okullarından k&amp;ouml;y okullarına kadar gen&amp;ccedil; T&amp;uuml;rkiye&amp;rsquo;nin &amp;ouml;ğretmenlerine, aydınlarına da kılavuz oldu. G&amp;uuml;n&amp;uuml;m&amp;uuml;zde okuryazarlık oranı y&amp;uuml;zde y&amp;uuml;ze varan, eğitim ve &amp;ouml;ğretim sistemiyle, halkının mutluluğuyla diğer uluslara &amp;ouml;rnek olan Finlandiya&amp;rsquo;nın &amp;ldquo;kuruluş&amp;rdquo; hik&amp;acirc;yesi Beyaz Zambaklar &amp;Uuml;lkesinde eserinden alınacak pek &amp;ccedil;ok ders ve ilham var h&amp;acirc;l&amp;acirc;&amp;hellip;&lt;/p&gt;', '9786254053702', 'a05960c611e5044e725889cb5e50c3ef.jpg', 22.00, 136, 60, 12, 3, 1, 1, '2024-06-06 23:15:49', 35),
(28, 'Kadınlar Ülkesi', '&lt;p&gt;&lt;strong&gt;Kadınlar &amp;Uuml;lkesi&lt;/strong&gt;&lt;/p&gt;&lt;p&gt;D&amp;uuml;nyayı keşfetme hevesiyle yanıp tutuşan Van, Terry ve Jeff, varlığından tesad&amp;uuml;fen haberdar oldukları Kadınlar &amp;Uuml;lkesi&amp;rsquo;ne bir keşif gezisine &amp;ccedil;ıkarlar. Sadece kadınlardan oluşan bir toplumun yapısıyla ilgili y&amp;uuml;r&amp;uuml;tt&amp;uuml;kleri tahminler ve halihazırda kafalarında bulunan eril kalıplar g&amp;ouml;rd&amp;uuml;kleri manzara karşısında yerle bir olur. Jeff kadınları hizmet edilmesi ve korunması gereken varlıklar olarak g&amp;ouml;r&amp;uuml;rken, Terry onların fethedilmesi ve kazanılması gerektiğini d&amp;uuml;ş&amp;uuml;nmektedir. Ama mantık, eşitlik ve sevgi &amp;uuml;st&amp;uuml;ne kurulu bu &amp;uuml;lkede onların bu klişe beklentileri karşılık bulmaz.&lt;br /&gt;Kadınlar &amp;Uuml;lkesi 1915&amp;rsquo;te, yani Thomas More&amp;rsquo;un 1516&amp;rsquo;da yayımlanan Utopia adlı yapıtından neredeyse 400 yıl sonra tefrika edildi; kitap olarak yayımlanması ise 1979 yılını buldu. Ataerkil d&amp;uuml;nyaların ağırlıkta olduğu &amp;uuml;topya yazını, Charlotte Perkins Gilman&amp;rsquo;ın bu feminist &amp;uuml;topyasıyla birlikte yeni bir bakış a&amp;ccedil;ısı kazandı.&lt;/p&gt;', '9786254058790', '7a80e42dbb8afe5050c50be1ccbc176a.jpg', 36.00, 200, 60, 13, 3, 1, 1, '2024-06-06 23:17:41', 42),
(29, 'Budala', '&lt;p&gt;&lt;strong&gt;Budala&lt;/strong&gt;&lt;/p&gt;&lt;p&gt;&lt;br /&gt;Fyodor Mihaylovi&amp;ccedil; Dostoyevski (1821-1881): İlk romanı İnsancıklar 1846&amp;#39;da yayımlandı. &amp;Uuml;nl&amp;uuml; eleştirmen V. Belinski bu eser &amp;uuml;zerine Dostoyevski&amp;#39;den geleceğin b&amp;uuml;y&amp;uuml;k yazarı olarak s&amp;ouml;z etti. Ancak daha sonra yayımlanan &amp;ouml;yk&amp;uuml; ve romanları, &amp;ccedil;ağımızda edebiyat klasikleri arasında yer alsa da, o d&amp;ouml;nemde fazla ilgi g&amp;ouml;rmedi. Yazar 1849&amp;#39;da I. Nikola&amp;#39;nın baskıcı rejimine muhalif Petraşevski grubunun &amp;uuml;yesi olduğu gerek&amp;ccedil;esiyle tutuklandı. Kurşuna dizilmek &amp;uuml;zereyken cezası s&amp;uuml;rg&amp;uuml;n ve zorunlu askerliğe &amp;ccedil;evrildi. Cezasını tamamlayıp Sibirya&amp;#39;dan d&amp;ouml;nd&amp;uuml;kten sonra Petersburg&amp;#39;da Vremya dergisini &amp;ccedil;ıkarmaya başladı, yazdığı romanlarla tekrar eski &amp;uuml;n&amp;uuml;ne kavuştu. En &amp;ouml;nemli eserlerinden Budala 1868-1869 yıllarında Russki Vestnik dergisinde tefrika edildi. Dostoyevski bu romanında insan ruhunun labirentini &amp;ccedil;ılgınlık, tutku ve hastalık prizmasında kırılan g&amp;ouml;r&amp;uuml;nt&amp;uuml;s&amp;uuml;yle sergilemiştir.&lt;/p&gt;', '9786053604419', '3a8575a2702ffe8359d03eadcef72c7e.jpg', 116.00, 656, 60, 7, 3, 1, 0, '2024-06-06 23:19:08', 30),
(30, 'Mutlu Prens', '&lt;p&gt;&lt;strong&gt;Mutlu Prens&lt;/strong&gt;&lt;/p&gt;&lt;p&gt;Oscar Wilde&amp;rsquo;ın 1888&amp;rsquo;de yayımlanan Mutlu Prens&amp;rsquo;teki masalları oğulları i&amp;ccedil;in yazdığı d&amp;uuml;ş&amp;uuml;n&amp;uuml;lse de, yazar hedef kitlesini &amp;ldquo;yediden yetmişe &amp;ccedil;ocuk ruhlu insanlar, şaşırma ve sevinme gibi &amp;ccedil;ocuksu yetilerini koruyanlar&amp;rdquo; olarak a&amp;ccedil;ıklamıştır. Wilde bu masallarda bencilliği ve duyarsızlığı g&amp;ouml;zler &amp;ouml;n&amp;uuml;ne serer ve eleştirir. Onun ana masal kişileri bazen hatalarını anlayarak pişmanlık duyarlar ve &amp;ouml;zgecil davranışlar sergilerler. Kimi zaman da g&amp;ouml;zlerini k&amp;ouml;r eden kibirden bir t&amp;uuml;rl&amp;uuml; kurtulamazlar. Mutlu Prens her ne kadar &amp;ccedil;ıraklık d&amp;ouml;neminin &amp;uuml;r&amp;uuml;n&amp;uuml; olsa da, Wilde&amp;rsquo;ın masal ve alegori alanındaki ustalığını ortaya koyar.&lt;/p&gt;', '9786052950364', 'f8931582d687d70d092bd246b1a8595e.jpg', 16.00, 50, 60, 14, 3, 1, 1, '2024-06-06 23:21:52', 100),
(31, 'Kızıl Karma', '&lt;p&gt;&lt;strong&gt;Kızıl Karma&lt;/strong&gt;&lt;/p&gt;&lt;p&gt;Mayıs 1968&amp;rsquo;de Paris adeta yangın yeriyken, gen&amp;ccedil; bir kadının bir yoga pozisyonunda, &amp;ccedil;ıplak ve par&amp;ccedil;alanmış cesedi bulunur. Polis Jean-Louis Mersch, cinayeti soruşturmaya başlar. Maktul&amp;uuml;n arkadaşları Herv&amp;eacute; ile Nicole de ona yardımcı olurlar. Bir başka kadın arkadaşları daha cinayete kurban gittiğinde, &amp;ouml;l&amp;uuml;m&amp;uuml;n kendi &amp;ccedil;evrelerinde kol gezdiğini d&amp;uuml;ş&amp;uuml;nmeye başlarlar.&lt;/p&gt;&lt;p&gt;Mersch, Herv&amp;eacute; ve Nicole bu cinayetlerin Hindistan&amp;rsquo;la bağlantılı olduğunu anladıklarında Kalk&amp;uuml;ta&amp;rsquo;dan Varanasi&amp;rsquo;ye uzanan bir maceraya atılır ve korkun&amp;ccedil; ger&amp;ccedil;eği Ganj Nehri&amp;rsquo;nin kıyılarında keşfederler. Ama karma sonlanmamış, k&amp;ouml;t&amp;uuml;l&amp;uuml;ğ&amp;uuml;n son halkasıyla y&amp;uuml;zleşmek i&amp;ccedil;in gidilecek son bir durak kalmıştır...&lt;/p&gt;&lt;p&gt;&amp;nbsp;&lt;/p&gt;&lt;p&gt;Jean-Christophe Grang&amp;eacute;, cinayetlerin peşinde koşarken kendi kaderlerini de değiştiren &amp;uuml;&amp;ccedil; &amp;ccedil;arpıcı karakter ve hi&amp;ccedil; d&amp;uuml;şmeyen bir tempoyla, bir kez daha k&amp;ouml;t&amp;uuml;l&amp;uuml;ğ&amp;uuml;n sınırlarını araştırıyor...&lt;/p&gt;', '9786256666061', '473ebb9ca3ec568c7faaa324e3a4fd28.jpg', 230.00, 584, 61, 15, 11, 1, 0, '2024-06-06 23:24:38', 30),
(32, 'Göldeki Kadın', '&lt;p&gt;&lt;strong&gt;G&amp;ouml;ldeki Kadın&lt;/strong&gt;&lt;/p&gt;&lt;p&gt;&amp;ldquo;D&amp;uuml;nya ona, erkeklerin h&amp;uuml;k&amp;uuml;m s&amp;uuml;r&amp;uuml;p toplumun dışladığı kadınların ortadan kaybolduğu eski d&amp;uuml;zene aldırmamasını, başını başka bir y&amp;ouml;ne &amp;ccedil;evirmesini s&amp;ouml;yleyip duruyordu.&amp;rdquo;&lt;/p&gt;&lt;p&gt;&amp;nbsp;&lt;/p&gt;&lt;p&gt;1966 yılında Baltimore herkesin bildiği ama kimsenin dile getirmeye cesaret edemediği sırlarla dolu bir şehirdir; Madeline Schwartz hari&amp;ccedil; herkesin&amp;hellip; Madeline hayatından son derece memnun bir ev hanımıdır. Ama yaşadığı bir olay, hayatını sorgulamasına ve evliliğini geride bırakıp hayallerinin peşinden koşmasına neden olur.&lt;/p&gt;&lt;p&gt;Madeline &amp;ouml;nemli biri olmak, hızla değişen d&amp;uuml;nyaya kendinden bir iz bırakmak ister. Kaderin cilvesi, &amp;ouml;ld&amp;uuml;r&amp;uuml;len bir kızı bulmaları i&amp;ccedil;in Baltimore polisine yardım edince, yerel bir gazetede &amp;ccedil;alışma fırsatı yakalar. Bu sayede adını daha &amp;ccedil;ok duyuracağı i&amp;ccedil;in sevinen Madeline kendini ansızın g&amp;ouml;lden &amp;ccedil;ıkarılan bir kadın cesedinin ardındaki sır perdesini aralamaya &amp;ccedil;alışırken bulur.&lt;/p&gt;&lt;p&gt;Madeline araştırmaları sırasında pek &amp;ccedil;ok insanla temasa ge&amp;ccedil;er; bir kuyumcu, bir garson, Baltimore Orioles takımında y&amp;uuml;kselen bir yıldız, bir devriye polisi, sert bir kadın muhabir, sinemadaki yalnız bir adam. Fakat bencil ihtiraslarına kapılan Maddie başkalarının ihtiya&amp;ccedil;larını g&amp;ouml;rmezden gelince, g&amp;ouml;nl&amp;uuml;n&amp;uuml; kaptırdığı polis memuru Ferdie de dahil olmak &amp;uuml;zere pek &amp;ccedil;ok insanın hayatını alt&amp;uuml;st edecek adımlar atmaya başlar.&lt;/p&gt;&lt;p&gt;New York Times &amp;ccedil;ok satan yazarı Laura Lippman&amp;#39;ın ger&amp;ccedil;ek bir hayat &amp;ouml;yk&amp;uuml;s&amp;uuml;nden esinlenerek kaleme aldığı G&amp;ouml;ldeki Kadın, soluk soluğa okunacak, ezberbozan bir polisiye.&lt;/p&gt;', '9786057284143', '1283acfae5fd48fd554f820efeb07227.jpg', 141.00, 392, 61, 16, 12, 1, 0, '2024-06-06 23:26:51', 20),
(33, 'Yılan Avı', '&lt;p&gt;&lt;strong&gt;Yılan Avı Kitap&lt;/strong&gt;&lt;/p&gt;&lt;p&gt;&lt;strong&gt;&lt;em&gt;John Verdon&amp;rsquo;ın şimdiye kadarki en s&amp;uuml;r&amp;uuml;kleyici polisiyelerinden biri olan Yılan Avı&amp;rsquo;nda emekli NYPD dedektifi Dave Gurney en tehlikeli d&amp;uuml;şmanıyla y&amp;uuml;zleşiyor!&lt;/em&gt;&lt;/strong&gt;&lt;/p&gt;&lt;p&gt;&lt;strong&gt;&amp;nbsp;&lt;/strong&gt;&lt;/p&gt;&lt;p&gt;Eski tenis oyuncusu ve yeni uyuşturucu satıcısı Ziko Slade, k&amp;uuml;&amp;ccedil;&amp;uuml;k &amp;ccedil;aplı bir su&amp;ccedil;lu olan Lenny Lerman&amp;#39;ı vahşice &amp;ouml;ld&amp;uuml;rmekten yirmi yıl hapis cezasına &amp;ccedil;arptırılır. Arkadaşının ricası &amp;uuml;zerine davayı &amp;uuml;st&amp;uuml;nk&amp;ouml;r&amp;uuml; inceleyen Dave Gurney ortada g&amp;ouml;r&amp;uuml;n&amp;uuml;rden &amp;ccedil;ok daha katmanlı bir su&amp;ccedil; olduğunu anlar.&lt;/p&gt;&lt;p&gt;&amp;nbsp;&lt;/p&gt;&lt;p&gt;Gurney olayların perde arkasını araştırırken kendini bir cinayetin baş ş&amp;uuml;phelisi olarak bulur ve soğukkanlı bir katil tarafından takip edilir. İtibarını kurtarmak i&amp;ccedil;in işlenen cinayetleri &amp;ccedil;&amp;ouml;zmeye &amp;ccedil;alışırken kanundan ka&amp;ccedil;mak zorunda kalan Gurney dedektiflik mesleğine olan sarsılmaz g&amp;uuml;venini sorgulayacaktır.&lt;/p&gt;&lt;p&gt;&amp;nbsp;&lt;/p&gt;&lt;p&gt;&amp;ldquo;Verdon&amp;#39;ın Dave Gurney serisinin sekizinci polisiyesi daha ilk sayfadan itibaren b&amp;uuml;y&amp;uuml;l&amp;uuml;yor.&amp;nbsp;&lt;em&gt;Yılan Avı&lt;/em&gt;&amp;nbsp;Verdon&amp;#39;ın neden en iyi polisiye yazarlarından biri olduğunun kanıtı.&amp;rdquo;&lt;/p&gt;', '9786256353312', '9c7e0e5e2e497040fff650dd7cffb574.jpg', 124.00, 440, 61, 17, 13, 1, 1, '2024-06-06 23:32:26', 70),
(34, 'Karanlık', '&lt;p&gt;&lt;strong&gt;Karanlık Kitap&lt;/strong&gt;&lt;/p&gt;&lt;p&gt;Gen&amp;ccedil; bir Rus kadının cesedi İzlanda sahiline vurur. &amp;Uuml;st&amp;uuml;nk&amp;ouml;r&amp;uuml; bir soruşturmanın ardından bunun bir intihar vakası olduğuna h&amp;uuml;kmedilir ve dava dosyası kapatılır.&amp;nbsp;&lt;/p&gt;&lt;p&gt;Olaydan bir yıl sonra Reykjav&amp;iacute;k polisinden Hulda Hermannsd&amp;oacute;ttir erken emekliliğe zorlanır. Hulda hazırlıksız yakalanmıştır, yalnızlıktan ve karanlık ge&amp;ccedil;mişinin anılarıyla baş başa kalmaktan korkar. Teselli niyetine, işten ayrılmadan kendi se&amp;ccedil;eceği bir eski vakayı &amp;ccedil;&amp;ouml;zmesine izin verilir, iki haftası vardır. Hulda, sığınma umuduyla gelen ama hayatı &amp;uuml;lkenin soğuk sahillerinde son bulan Rus kızın davasını se&amp;ccedil;er. Kısa bir s&amp;uuml;re sonra Hulda, bir başka Rus kızın aynı tarihlerde kayıplara karıştığını &amp;ouml;ğrenir ve kimsenin ona hik&amp;acirc;yenin tamamını anlatmadığını anlar. Hulda katili bulacaktır, kendi hayatını tehlikeye atmak pahasına bile olsa&amp;hellip; &amp;nbsp;&lt;/p&gt;', '9786256666412', '3cbe97d8eb257ef80a0fffcf36c0b89d.jpg', 174.00, 256, 61, 18, 11, 1, 0, '2024-06-06 23:34:59', 120),
(35, 'Zaman Makinesi', '&lt;p&gt;&lt;strong&gt;Zaman Makinesi&lt;/strong&gt;&lt;/p&gt;&lt;p&gt;Victoria d&amp;ouml;nemi Londra&amp;rsquo;sında yaşayan bir bilim insanı zamanda yolculuk yapmak &amp;uuml;zere icat ettiği makineyle geleceğin İngiltere&amp;rsquo;sini ziyaret eder. Sekiz Y&amp;uuml;z İki Bin Yedi Y&amp;uuml;z Bir yılında yaşadığı macerayı bir dost meclisinde anlatır. Geleceğin d&amp;uuml;nyası ayrıcalıklı insanların; g&amp;uuml;zel, narin ve tembel Eloi&amp;rsquo;ların rahat ve kaygısız bir yaşam s&amp;uuml;rd&amp;uuml;kleri bir yerdir. Ancak Zaman Gezgini bu macera sırasında &amp;ccedil;ok ge&amp;ccedil;meden yeraltı d&amp;uuml;nyasına ait hortlaksı Morlock&amp;rsquo;ları da keşfetmiştir. Wells, Victoria d&amp;ouml;nemi İngiltere&amp;rsquo;sinde varsıllarla yoksullar arasında giderek b&amp;uuml;y&amp;uuml;yen u&amp;ccedil;uruma y&amp;ouml;nelik keskin eleştirisinde, tarihin ve gelişmenin anlamını sorgular. Toplumsal adaletsizliğin s&amp;uuml;r&amp;uuml;p gitmesi halinde yol a&amp;ccedil;abileceği felaketlere dair uyarıda bulunur. 1895&amp;rsquo;te yayımlanan&amp;nbsp;&lt;em&gt;Zaman Makinesi&lt;/em&gt;, bilimkurgu edebiyatının k&amp;ouml;şe taşlarından biri olarak, kuşaklar boyu yazarları etkiledi. 21. y&amp;uuml;zyılda yaklaşan &amp;ccedil;evre felaketlerine ve gezegenimizin yazgısına ilişkin kaygılara dair bir &amp;ouml;ng&amp;ouml;r&amp;uuml; barındıran eskatolojik boyutuyla g&amp;uuml;ncelliğini bug&amp;uuml;n de koruyor.&lt;/p&gt;', '9786052952528', 'b7e1720974b45dd1a9940d763d1737ca.jpg', 22.00, 144, 64, 19, 3, 1, 1, '2024-06-06 23:38:52', 95);
INSERT INTO `books` (`id`, `name`, `description`, `isbn`, `image`, `price`, `page_count`, `category_id`, `author_id`, `publisher_id`, `is_active`, `is_home`, `created_at`, `stock`) VALUES
(36, 'Ay&#039;da İlk İnsanlar', '&lt;p&gt;&lt;strong&gt;Ay&amp;#39;da İlk İnsanlar&lt;/strong&gt;&lt;/p&gt;&lt;p&gt;H. G. Wells, bug&amp;uuml;n bir &amp;ldquo;bilimkurgu klasiği&amp;rdquo; olarak kabul edilen 1901 tarihli Ay&amp;rsquo;da İlk İnsanlar&amp;rsquo;da, iki İngilizin Ay yolculuğunu anlatırken, emperyalizmi hedef alır. Meteliksiz işadamı Bedford, oyun yazmak i&amp;ccedil;in &amp;ccedil;ekildiği sayfiyede, yer&amp;ccedil;ekimini h&amp;uuml;k&amp;uuml;ms&amp;uuml;z kılan bir madde icat eden eksantrik bilim insanı Cavor&amp;rsquo;la tanışır. Bedford para kazanma d&amp;uuml;rt&amp;uuml;s&amp;uuml;yle, Cavor ise bilimsel merakla, Cavorite adını verdikleri bu madde sayesinde, herhangi bir yakıt ya da motora gerek duymaksızın kendilerini Ay&amp;rsquo;da bulurlar. Orada, yeraltında, katı bir hiyerarşik d&amp;uuml;zende yaşayan Seleneli toplumuyla karşılaşırlar. Seleneliler, bireysellikleriyle ve kişisel &amp;ouml;zellikleriyle ayırt edilmesi m&amp;uuml;mk&amp;uuml;n olmayan b&amp;ouml;ceksi varlıklardır. Wells&amp;rsquo;in emperyalizme ve kapitalizme y&amp;ouml;nelik sert eleştirisi, Ay yolculuğunu yalnızca ticari bir fırsat olarak g&amp;ouml;ren Bedford&amp;rsquo;ın Selenelilere karşı saldırgan tutumunda somutlaşır. Yazar Ay&amp;rsquo;da İlk İnsanlar&amp;rsquo;da, kendisinden &amp;ouml;nce hayali Ay yolculuğu temasını işleyen 19. y&amp;uuml;zyıl yazarları gibi bilimsel ger&amp;ccedil;eklere ve rasyonelliğe yaslanmak yerine hayal g&amp;uuml;c&amp;uuml;n&amp;uuml; bilimkurgu t&amp;uuml;r&amp;uuml;n&amp;uuml;n hizmetine vermiştir.&lt;/p&gt;', '9786254057298', '683147180f5d7388ed7eea6a9d376e80.jpg', 44.00, 256, 64, 19, 3, 1, 1, '2024-06-06 23:40:19', 80),
(37, 'Otostopçunun Galaksi Rehberi', '&lt;p&gt;&lt;strong&gt;Otostop&amp;ccedil;unun Galaksi Rehberi&lt;/strong&gt;&lt;/p&gt;&lt;p&gt;Galaksinin Batı Sarmal Kolu&amp;rsquo;nun bir ucunda, haritası bile &amp;ccedil;ıkarılmamış &amp;uuml;cra bir k&amp;ouml;şesinde, g&amp;ouml;zlerden uzak, k&amp;uuml;&amp;ccedil;&amp;uuml;k ve sarı bir g&amp;uuml;neş vardır. Bu g&amp;uuml;neşin y&amp;ouml;r&amp;uuml;ngesinde, tamamıyla &amp;ouml;nemsiz ve mavi-yeşil renkli, k&amp;uuml;&amp;ccedil;&amp;uuml;k bir gezegen d&amp;ouml;ner. Gezegenin maymun soyundan gelen canlıları &amp;ouml;yle ilkeldir ki dijital kol saatinin h&amp;acirc;l&amp;acirc; &amp;ccedil;ok etkileyici bir buluş olduğunu d&amp;uuml;ş&amp;uuml;n&amp;uuml;rler. Bu gezegenin ş&amp;ouml;yle bir sorunu vardı: &amp;Uuml;zerinde yaşayan halkın b&amp;uuml;y&amp;uuml;k b&amp;ouml;l&amp;uuml;m&amp;uuml; &amp;ccedil;oğu zaman mutsuzdu.Bu sorun i&amp;ccedil;in pek &amp;ccedil;ok &amp;ccedil;&amp;ouml;z&amp;uuml;m &amp;ouml;nerilmişti, ama bunların &amp;ccedil;oğu genellikle yeşil renkli k&amp;uuml;&amp;ccedil;&amp;uuml;k k&amp;acirc;ğıt par&amp;ccedil;alarının hareketleriyle ilgiliydi. Bu da tuhaftı, &amp;ccedil;&amp;uuml;nk&amp;uuml; aslında mutsuz olanlar yeşil renkli k&amp;uuml;&amp;ccedil;&amp;uuml;k k&amp;acirc;ğıt par&amp;ccedil;aları değildi. Bu nedenle sorun varlığını s&amp;uuml;rd&amp;uuml;rd&amp;uuml;; halkın &amp;ccedil;oğunun durumu k&amp;ouml;t&amp;uuml;yd&amp;uuml; ve onların b&amp;uuml;y&amp;uuml;k b&amp;ouml;l&amp;uuml;m&amp;uuml;yse sefildi, dijital kol saatleri olanlar bile. Her şeyden &amp;ouml;nce, ağa&amp;ccedil;lardan inmekle b&amp;uuml;y&amp;uuml;k bir hata ettiklerini d&amp;uuml;ş&amp;uuml;nenlerin sayısı g&amp;uuml;n ge&amp;ccedil;tik&amp;ccedil;e artıyordu. Yaklaşık iki bin yıl sonra, bir perşembe g&amp;uuml;n&amp;uuml; korkun&amp;ccedil;, aptal bir felaket meydana geldi. İşte bu kitap o felaketin doğurduğu bazı sonu&amp;ccedil;ların &amp;ouml;yk&amp;uuml;s&amp;uuml;d&amp;uuml;r. &amp;Uuml;stelik unutulmaması gereken şu ki: Dizinin daha ilk kitabındasınız ve yine bir perşembe yaklaşıyor, hafta sonuna az kaldı.&lt;/p&gt;', '9786051715124', '3f4afe5f2bb7ef8efb3e15eb260a30a9.jpg', 110.00, 248, 64, 20, 9, 1, 0, '2024-06-06 23:42:40', 38),
(38, 'Dünyalar Savaşı', '&lt;p&gt;&lt;strong&gt;D&amp;uuml;nyalar Savaşı&lt;/strong&gt;&lt;/p&gt;&lt;p&gt;D&amp;uuml;nyalar Savaşı&amp;rsquo;nın Pearson&amp;rsquo;s Magazine&amp;rsquo;de tefrika edildiği 1897 yılında, Krali&amp;ccedil;e Victoria&amp;rsquo;nın tahta &amp;ccedil;ıkışının altmışıncı yılı t&amp;ouml;renlerle kutlanmıştı. B&amp;uuml;y&amp;uuml;k Britanya İmparatorluğu, Kanada&amp;rsquo;dan Yeni Zelanda&amp;rsquo;ya uzanan, Afrika&amp;rsquo;nın b&amp;uuml;y&amp;uuml;k bir kısmıyla Hint yarımadasının tamamını kapsayan geniş topraklarıyla g&amp;uuml;c&amp;uuml;n&amp;uuml;n doruğundaydı. D&amp;uuml;nyalar Savaşı, Wells&amp;rsquo;in İngiliz emperyalizmi &amp;uuml;zerine bir yorumu; 20. y&amp;uuml;zyıl başında imparatorluğun genişlemesinin muhtemel sonu&amp;ccedil;larına ilişkin kaygıları yansıtan felsefi ve ideolojik &amp;ouml;yk&amp;uuml;s&amp;uuml;d&amp;uuml;r. Mars&amp;rsquo;tan gelip tuhaf ara&amp;ccedil;larıyla imparatorluk topraklarında gezinen, yollarına &amp;ccedil;ıkan her şeyi &amp;ouml;l&amp;uuml;mc&amp;uuml;l ısı ışınlarıyla yerle bir ederken t&amp;uuml;m yaşamı da sona erdiren yaratıkların istilası, belki de Victoria d&amp;ouml;nemi okurunun bu kaygılarına denk d&amp;uuml;şm&amp;uuml;şt&amp;uuml;. Orson Welles&amp;rsquo;in 1938&amp;rsquo;de romandan uyarladığı bir radyo oyununu ger&amp;ccedil;ek sanan dinleyicilerin panik i&amp;ccedil;inde sokağa d&amp;ouml;k&amp;uuml;lmesi, yapıtın imgelemi tetikleme g&amp;uuml;c&amp;uuml;n&amp;uuml; ortaya koydu. &amp;Ccedil;eşitli film ve dizi versiyonları yapılan D&amp;uuml;nyalar Savaşı bir&amp;ccedil;oğuna da esin verdi. Wells&amp;rsquo;in capcanlı imgelemiyle &amp;ouml;zg&amp;uuml;n ve ger&amp;ccedil;ek&amp;ccedil;i anlatımı, uzay yolculuğu ve başka gezegenlerden d&amp;uuml;nyamıza y&amp;ouml;nelik istilalar konusuna artık hi&amp;ccedil; de yabancı olmadığımız bug&amp;uuml;n de her kuşaktan okuru cezbetmeye devam ediyor.&lt;/p&gt;', '9786052958889', '5d35ab7cde75ff9d507ab235b1a63d8a.jpg', 46.00, 256, 64, 19, 3, 1, 0, '2024-06-06 23:44:48', 32),
(39, 'Çoğunlukla Zararsız', '&lt;p&gt;&lt;strong&gt;&amp;Ccedil;oğunlukla Zararsız&lt;/strong&gt;&lt;/p&gt;&lt;p&gt;Denir ki, evrende izlenilmeye, sevilmeye, &amp;ouml;zlenmeye değer her şeyin bir sonu varmış. Hi&amp;ccedil; değişmeyen bu kural ne yazık ki DNA&amp;rsquo;nın yazdığı bu m&amp;uuml;kemmel seri i&amp;ccedil;in de ge&amp;ccedil;erli. Bir başka deyişle, ne kadar istemesek de beş ciltlik &amp;uuml;&amp;ccedil;lememizin beşinci cildine geldik. Okumanızı ne kadar yavaşlatsanız da Otostop&amp;ccedil;unun Galaksi Rehberi bitiyor ya da kısa bir s&amp;uuml;re sonra bitecek.Her şeyi bilen eskilerin sevdiği ve DNA&amp;rsquo;nın kitabının başına aldığı &amp;ouml;nermeleri bir kez daha hatırlayalım: Bir şey olacaksa olacaktır. Herhangi bir şey, ortaya &amp;ccedil;ıkarken bir başka şeyi ortaya &amp;ccedil;ıkarıyorsa, bir başka şeyin ortaya &amp;ccedil;ıkmasına neden oluyor demektir. O şey her neyse, olurken, kendi kendisinin yeniden ortaya &amp;ccedil;ıkmasına sebep oluyorsa, tekrar olacaktır. Bununla birlikte kronolojik bir sıra izlenmesi şart değildir. B&amp;ouml;ylesine sağlam bir mantığın ardından kahramanımız son kez ve bu defa Yerk&amp;uuml;re&amp;rsquo;yi kurtarmak i&amp;ccedil;in akıl almaz bir maceraya giriyor. &amp;Uuml;stelik bu kez işin i&amp;ccedil;inde kızı olduğunu iddia eden Random da var ve elbette tahmin edebileceğiniz gibi Arthur&amp;rsquo;umuz kahraman olabilir, ama babalık m&amp;uuml;essesinin kurallarına &amp;ccedil;ok yabancı olduğu i&amp;ccedil;in d&amp;uuml;ş&amp;uuml;nmediği kadar k&amp;ouml;t&amp;uuml; bir baba da &amp;ccedil;ıkabilir.&lt;/p&gt;', '9786051715131', 'd0e10c4946a051bef108bc1f9d72f9bb.jpg', 118.00, 292, 64, 20, 9, 1, 1, '2024-06-06 23:47:22', 80),
(40, 'Harry Potter ve Azkaban Tutsağı', '&lt;p&gt;&lt;strong&gt;Harry Potter ve Azkaban Tutsağı&lt;/strong&gt;&lt;/p&gt;&lt;p&gt;&amp;ldquo;Mahsur kalmış cadıların ve b&amp;uuml;y&amp;uuml;c&amp;uuml;lerin acil durum taşıtı Hızır Otob&amp;uuml;s&amp;rsquo;e hoş geldiniz. Asanızı tuttuğunuz elinizi uzatın, otob&amp;uuml;se atlayın, sizi istediğiniz yere g&amp;ouml;t&amp;uuml;relim.&amp;rdquo;&lt;/p&gt;&lt;p&gt;Sirius Black adında azılı bir katil, t&amp;uuml;yler &amp;uuml;rpertici Azkaban kalesinde tam on iki yıl boyunca tutsak kalmıştır. Tek lanetle on &amp;uuml;&amp;ccedil; kişiyi birden &amp;ouml;ld&amp;uuml;ren Black&amp;rsquo;in, Karanlık Lord Voldemort&amp;rsquo;un hizmetk&amp;acirc;rı olduğuna kesin g&amp;ouml;z&amp;uuml;yle bakılmaktadır. Bir yolunu bulup Azkaban&amp;rsquo;dan ka&amp;ccedil;an Black&amp;rsquo;in peşinde olduğu bir tek kişi vardır: Harry Potter. Harry, b&amp;uuml;y&amp;uuml;c&amp;uuml;l&amp;uuml;k okulunun sihirli duvarları arasındayken, arkadaşları ve &amp;ouml;ğretmenleriyle birlikteyken bile g&amp;uuml;vende değildir. &amp;Ccedil;&amp;uuml;nk&amp;uuml; aralarında bir hain olabilir.&lt;/p&gt;', '9789750803116', '4147b5c13bbd5de34100ad4b516c57e1.jpg', 190.00, 396, 62, 21, 7, 1, 1, '2024-06-07 06:44:54', 60),
(41, 'Harry Potter ve Felsefe Taşı', '&lt;p&gt;&lt;strong&gt;Harry Potter ve Felsefe Taşı&lt;/strong&gt;&lt;/p&gt;&lt;p&gt;Sihirli ve esrarengiz bir d&amp;uuml;nyanın kapısını aralamaya ne dersiniz? Harry Potter ve Felsefe Taşı, J. K. Rowling&amp;#39;in yedi romandan oluşan ve onu t&amp;uuml;m zamanların en başarılı yazarlarından biri yapan Harry Potter serisinin birinci kitabı. Fantastik &amp;ouml;gelerle s&amp;uuml;slenmiş bu gizem ve macera dolu kitap ilginizi &amp;ccedil;ektiyse gelin, Harry Potter ve Felsefe Taşı&amp;rsquo;na g&amp;ouml;z atalım.&lt;/p&gt;&lt;p&gt;&amp;nbsp;&lt;/p&gt;&lt;p&gt;&lt;strong&gt;&amp;ldquo;Harry Potter ve Felsefe Taşı&amp;rdquo; adlı kitabı neden okumalısınız?&lt;/strong&gt;&lt;/p&gt;&lt;p&gt;Hem serinin hem J. K. Rowling&amp;rsquo;in ilk kitabı olan Harry Potter ve Felsefe Taşı, on birinci doğum g&amp;uuml;n&amp;uuml;nde Hogwarts Cadılık ve B&amp;uuml;y&amp;uuml;c&amp;uuml;l&amp;uuml;k Okulu&amp;#39;na kabul mektubu alan gen&amp;ccedil; b&amp;uuml;y&amp;uuml;c&amp;uuml; Harry Potter&amp;#39;ı konu alıyor. Ne kadar &amp;uuml;nl&amp;uuml; olduğuna dair hi&amp;ccedil;bir fikri olmayan Harry kendisine k&amp;ouml;t&amp;uuml; davranan ve değersiz hissettiren teyzesi ve eniştesi tarafından b&amp;uuml;y&amp;uuml;t&amp;uuml;l&amp;uuml;yor. Ta ki b&amp;uuml;y&amp;uuml;c&amp;uuml;l&amp;uuml;k d&amp;uuml;nyasının en &amp;uuml;nl&amp;uuml; okulu olan Hogwarts&amp;rsquo;a kabul alana kadar&amp;hellip; Okuldaki ilk yılında yakın arkadaşlar kadar d&amp;uuml;şman da ediniyor ve gelmiş ge&amp;ccedil;miş en karanlık b&amp;uuml;y&amp;uuml;c&amp;uuml;lerden bazılarıyla karşı karşıya geliyor. Harry varlığından haberdar olmadığı mistik bir d&amp;uuml;nyanın derinliklerine &amp;ccedil;ekilirken bir yandan da kendisine ve ailesine dair ger&amp;ccedil;ekleri keşfediyor. Rowling&amp;rsquo;in fantastik t&amp;uuml;rde yazdığı Harry Potter ve Felsefe Taşı hem &amp;ccedil;ocuklara hem de yetişkinlere hitap ediyor. Yazarın yaratıcı, esprili ve etkileyici bir &amp;uuml;slupla kaleme aldığı roman, okuyucuya b&amp;uuml;y&amp;uuml;leyici bir okuma deneyimi vadediyor. Sayfalarını heyecan i&amp;ccedil;inde &amp;ccedil;evireceğiniz Harry Potter ve Felsefe Taşı her kitap severin k&amp;uuml;t&amp;uuml;phanesinde bulunması gereken başyapıt niteliğinde eşsiz bir eser.&lt;/p&gt;&lt;p&gt;&amp;nbsp;&lt;/p&gt;&lt;p&gt;&lt;strong&gt;Bunları biliyor muydunuz?&lt;/strong&gt;&lt;/p&gt;&lt;p&gt;Harry Potter ve Felsefe Taşı&amp;rsquo;nın yayımlanmadan &amp;ouml;nce yayınevleri tarafından defalarca reddedildiğini duymuş muydunuz? Peki ya kitabın Harry Potter serisinin geri kalanıyla birlikte b&amp;uuml;y&amp;uuml;c&amp;uuml;l&amp;uuml;ğ&amp;uuml; teşvik ettiği su&amp;ccedil;lamaları nedeniyle bazı din&amp;icirc; gruplar tarafından saldırıya uğradığını ve bazı &amp;uuml;lkelerde yasaklandığını? Roman, 120 milyondan fazla kopya satarak t&amp;uuml;m zamanların en &amp;ccedil;ok satan &amp;uuml;&amp;ccedil;&amp;uuml;nc&amp;uuml; romanı h&amp;acirc;line gelir ve pek &amp;ccedil;ok &amp;ouml;d&amp;uuml;le layık g&amp;ouml;r&amp;uuml;l&amp;uuml;r. En az 73 dile &amp;ccedil;evrilen roman, J.K. Rowling&amp;#39;i milyarder yapar. T&amp;uuml;rkiye&amp;rsquo;de ilk olarak Dost Kitabevi tarafından 1999 yılında yayımlanan romanın hakları daha sonra Yapı Kredi Yayınları tarafından satın alınır. Toplam 276 sayfadan oluşan ve orijinal ismi &amp;ldquo;Harry Potter and the Philosopher&amp;#39;s Stone&amp;rdquo; olan kitap &amp;Uuml;lk&amp;uuml; Tamer&amp;rsquo;in &amp;ccedil;evirisiyle 2016 yılında Yapı Kredi Yayınları imzasıyla yayımlanır. 2001 yılında aynı isimle beyaz perdeye uyarlanan roman (IMDb: 7.6/10) sinema severlerden de ge&amp;ccedil;er not alarak en &amp;ccedil;ok izlenen filmler arasında yerini alır.&lt;/p&gt;', '9789750802942', '9ff39aedd18bba1c81e4b321a7b25267.jpg', 122.00, 276, 62, 21, 7, 1, 1, '2024-06-07 06:47:44', 30),
(42, 'Harry Potter ve Sırlar Odası', '&lt;p&gt;&lt;strong&gt;Harry Potter ve Sırlar Odası&lt;/strong&gt;&lt;/p&gt;&lt;p&gt;Fantastik kurgu sevenler i&amp;ccedil;in yazılmış akıl almaz bir maceraya hazır mısınız? Harry Potter ve Felsefe Taşı ile başlayan hik&amp;acirc;ye Harry Potter ve Sırlar Odası ile hız kesmeden devam ediyor. Serinin kahramanı Harry k&amp;uuml;&amp;ccedil;&amp;uuml;k bir &amp;ccedil;ocuk ve &amp;uuml;stesinden gelmesi gereken olaylar boyunu aşacak zorlukta. Kahramanımız b&amp;uuml;y&amp;uuml;c&amp;uuml;l&amp;uuml;k okulu Hogwarts&amp;#39;ın ikinci yılına başladıktan sonra da beladan uzak duramıyor! &amp;Ouml;yleyse gelin, kitabın i&amp;ccedil;eriğinden kısaca bahsedelim.&lt;/p&gt;&lt;p&gt;&amp;nbsp;&lt;/p&gt;&lt;p&gt;&lt;strong&gt;&amp;#39;&amp;#39;Harry Potter ve Sırlar Odası - 2.kitap&amp;#39;&amp;#39; adlı kitabı neden okumalısınız?&lt;/strong&gt;&lt;/p&gt;&lt;p&gt;Yaz boyunca Dursleylerle kalmak zorunda olan Harry, onların zorbalıklarından kurtulmak ve evi gibi g&amp;ouml;rd&amp;uuml;ğ&amp;uuml; okulu Hogwarts&amp;#39;a kavuşmak i&amp;ccedil;in g&amp;uuml;n sayıyor. Nihayet okula d&amp;ouml;neceği g&amp;uuml;n gelip &amp;ccedil;attığında eşyalarını toplarken davetsiz bir misafirle karşılaşıyor. Ev cini Dobby birdenbire ortaya &amp;ccedil;ıkarak Harry&amp;#39;ye okula d&amp;ouml;nmemesi gerektiğini, eğer d&amp;ouml;nerse b&amp;uuml;y&amp;uuml;k bir felaketle karşılaşacağını s&amp;ouml;yl&amp;uuml;yor. Fakat bu durum Harry&amp;#39;nin okuluna d&amp;ouml;nmesine engel olamıyor. Okulun başlamasından kısa bir s&amp;uuml;re sonra Dobby haklı &amp;ccedil;ıkıyor ve insanlar birden taşlaşmaya başlıyor. &amp;Uuml;&amp;ccedil; arkadaş Harry, Ron ve Hermonie hayatlarını tehlikeye atarak bu gizemi araştırmaya koyuluyorlar. Karşılarına &amp;ccedil;ıkacak s&amp;uuml;rprizlerden habersiz sırlar odasının yerini bulup olayı &amp;ccedil;&amp;ouml;zmeye &amp;ccedil;alışırlarken başlarına t&amp;uuml;rl&amp;uuml; belalar a&amp;ccedil;ılsa da &amp;uuml;&amp;ccedil; arkadaş bu karanlık g&amp;uuml;c&amp;uuml; bulma konusunda ısrarcı oluyor. Karanlık sanatlara karşı savunma dersine girecek yeni &amp;ouml;ğretmen Gilderoy Lockhart, Quidditch ma&amp;ccedil;ları ve her biri ş&amp;ouml;len niteliğinde akşam yemekleri eşliğinde heyecan dolu, soluksuz bir maceraya hazırsanız Harry Potter ve Sırlar Odası tahmin ettiğinizden de iyi bir hik&amp;acirc;yeyle sizleri bekliyor. Elinizden bırakamayacağınız bu 316 sayfalık romanı okurken arkadaşlığı, yaşamı ve cesareti yeniden keşfedeceksiniz.&lt;/p&gt;&lt;p&gt;&amp;nbsp;&lt;/p&gt;&lt;p&gt;&lt;strong&gt;Bunları biliyor muydunuz?&lt;/strong&gt;&lt;/p&gt;&lt;p&gt;Harry Potter ve Sırlar Odası&amp;#39;nın 7 kitaptan oluşan bir seri olduğunu biliyor muydunuz? J. K. Rowling tarafından kaleme alınan Harry Potter serisinin ilk kitabı Harry Potter ve Felsefe Taşı 26 Haziran 1997 tarihinde yayımlanır. &amp;Ccedil;evirisini Sevin Okyay &amp;uuml;stlenir ve 2005 yılında Yapı Kredi Yayınları tarafından yayımlanır. Kısa zamanda yoğun ilgi g&amp;ouml;ren kitap, gen&amp;ccedil;-yetişkin edebiyatının en &amp;ouml;nemli serilerinden biri olarak 500 milyondan fazla satar. Tarihin en &amp;ccedil;ok satan bu kitapları 80 dile &amp;ccedil;evrilir ve 8 filmden oluşan bir film serisine uyarlanır. Serinin son kitabı, yayımlandıktan 24 saat sonra 11 milyon satışa ulaşır.&lt;/p&gt;', '9789750802959', '5a2afa188b605b5e8494082ccb208865.jpg', 148.00, 316, 62, 21, 7, 1, 1, '2024-06-07 06:49:38', 20),
(43, 'Harry Potter ve Ateş Kadehi', '&lt;p&gt;&lt;strong&gt;Harry Potter ve Ateş Kadehi&lt;/strong&gt;&lt;/p&gt;&lt;p&gt;B&amp;uuml;y&amp;uuml;c&amp;uuml;l&amp;uuml;k okulunda d&amp;ouml;rd&amp;uuml;nc&amp;uuml; sınıfa ge&amp;ccedil;en Harry, yaz tatilinde Dursley&amp;#39;lerden izin koparıp arkadaşlarıyla birlikte Quidditch D&amp;uuml;nya Kupası finalini izlemeye gider. Bu yıl Hogqarts&amp;#39;taki en b&amp;uuml;y&amp;uuml;k yenilik ise, &amp;Uuml;&amp;ccedil;b&amp;uuml;y&amp;uuml;c&amp;uuml; Turnuvası&amp;#39;dır. &amp;Uuml;&amp;ccedil; rakip b&amp;uuml;y&amp;uuml;c&amp;uuml;l&amp;uuml;k okulunun katılımıyla ger&amp;ccedil;ekleşen bu etkinlik y&amp;uuml;z yıldan beri ilk kez d&amp;uuml;zenlenmektedir. Harry, istemediği halde, yaşı bile tutmadığı halde, kendini bu Turnuva&amp;#39;nın i&amp;ccedil;inde bulur. Oysa onun tek istediği, b&amp;uuml;y&amp;uuml;c&amp;uuml;l&amp;uuml;k standartları i&amp;ccedil;inde olabildiğince &amp;quot;normal&amp;quot; bir yaşam s&amp;uuml;rmek, yeni b&amp;uuml;y&amp;uuml;ler &amp;ouml;ğrenerek kendini geliştirmek, Cho&amp;#39;yla ilgili hayaller kurmak, Ron ve Hermione&amp;#39;yle hoş&amp;ccedil;a vakit ge&amp;ccedil;irmektir. Ancak, alnındaki yara izinin ikide bir acıması, korkun&amp;ccedil; olayların yaklaşmakta olduğunun habercisidir... Harry Potter ve Ateş Kadehi&amp;#39;nde J.K. Rowling, dizinin &amp;ouml;nceki kitaplarında tanık olduğumuzdan hem &amp;ccedil;ok daha eğlenceli, hem de &amp;ccedil;ok daha &amp;uuml;rk&amp;uuml;t&amp;uuml;c&amp;uuml; bir b&amp;uuml;y&amp;uuml;c&amp;uuml;l&amp;uuml;k d&amp;uuml;nyasının kitaplarını a&amp;ccedil;ıyor bizlere. &amp;quot;Sıkıcı tek bir sayfa yok... Olay &amp;ouml;rg&amp;uuml;s&amp;uuml; olağan&amp;uuml;st&amp;uuml; bir yap-boz gibi b&amp;uuml;t&amp;uuml;nleniyor.&amp;quot; -Sunday Express- &amp;quot;J.K. Rowling bekleneni veriyor... Bu, şimdiye kadar yazdığı en iyi kitap.&amp;quot;&lt;/p&gt;', '9789750803314', '437b628ece938f1b6db1cdf233213b93.jpg', 271.00, 664, 62, 21, 7, 1, 1, '2024-06-07 06:53:13', 70),
(44, 'Harry Potter ve Zümrüdüanka Yoldaşlığı', '&lt;p&gt;&lt;strong&gt;Harry Potter ve Melez Prens&lt;/strong&gt;&lt;/p&gt;&lt;p&gt;&amp;quot;İşte orada, okulun tepesinde, g&amp;ouml;kte asılı duruyordu: o yılan dilli, parıl parıl parlayan yeşil kafatası; &amp;Ouml;l&amp;uuml;m Yiyen&amp;#39;lerin bir binaya girdiklerinde... birilerini &amp;ouml;ld&amp;uuml;rd&amp;uuml;klerinde arkalarında bıraktıkları işaret...&amp;quot;&lt;br /&gt;&lt;br /&gt;B&amp;uuml;y&amp;uuml;c&amp;uuml;ler d&amp;uuml;nyasında devam eden karmaşa artık Muggle&amp;#39;ların d&amp;uuml;nyasını da etkilemeye başlamıştır. Harry Potter, Hogwarts&amp;#39;taki altıncı yılını Feci Yorucu B&amp;uuml;y&amp;uuml;c&amp;uuml;l&amp;uuml;k Sınavlarına hazırlanarak ge&amp;ccedil;ireceğini d&amp;uuml;ş&amp;uuml;nmektedir. Artık Quidditch takımının da kaptanıdır. Ancak Diagon Yolu&amp;#39;ndaki okul alışverişi sırasında Draco Malfoy&amp;#39;un bir şeyler &amp;ccedil;evirdiğini fark eder. Lord Voldemort&amp;#39;un ge&amp;ccedil;mişiyle ilgili pek &amp;ccedil;ok bilinmeyen ortaya &amp;ccedil;ıkarken bir yandan da Malfoy&amp;#39;un neyin peşinde olduğunu &amp;ouml;ğrenmeye &amp;ccedil;alışan Harry&amp;#39;yi yine zor g&amp;uuml;nler beklemektedir.&lt;/p&gt;', '9789750806452', '7e3dab5141e8d0baf95e10ef7f7c0ef4.jpg', 353.00, 976, 62, 21, 7, 1, 1, '2024-06-07 06:55:58', 1),
(45, 'Harry Potter ve Melez Prens', '&lt;p&gt;&lt;strong&gt;Harry Potter ve Melez Prens&lt;/strong&gt;&lt;/p&gt;&lt;p&gt;&amp;quot;İşte orada, okulun tepesinde, g&amp;ouml;kte asılı duruyordu: o yılan dilli, parıl parıl parlayan yeşil kafatası; &amp;Ouml;l&amp;uuml;m Yiyen&amp;#39;lerin bir binaya girdiklerinde... birilerini &amp;ouml;ld&amp;uuml;rd&amp;uuml;klerinde arkalarında bıraktıkları işaret...&amp;quot;&lt;br /&gt;&lt;br /&gt;B&amp;uuml;y&amp;uuml;c&amp;uuml;ler d&amp;uuml;nyasında devam eden karmaşa artık Muggle&amp;#39;ların d&amp;uuml;nyasını da etkilemeye başlamıştır. Harry Potter, Hogwarts&amp;#39;taki altıncı yılını Feci Yorucu B&amp;uuml;y&amp;uuml;c&amp;uuml;l&amp;uuml;k Sınavlarına hazırlanarak ge&amp;ccedil;ireceğini d&amp;uuml;ş&amp;uuml;nmektedir. Artık Quidditch takımının da kaptanıdır. Ancak Diagon Yolu&amp;#39;ndaki okul alışverişi sırasında Draco Malfoy&amp;#39;un bir şeyler &amp;ccedil;evirdiğini fark eder. Lord Voldemort&amp;#39;un ge&amp;ccedil;mişiyle ilgili pek &amp;ccedil;ok bilinmeyen ortaya &amp;ccedil;ıkarken bir yandan da Malfoy&amp;#39;un neyin peşinde olduğunu &amp;ouml;ğrenmeye &amp;ccedil;alışan Harry&amp;#39;yi yine zor g&amp;uuml;nler beklemektedir.&lt;/p&gt;', '9789750809958', 'f1dc344d2c21aba237fe3a384976a25d.jpg', 240.00, 594, 62, 21, 7, 1, 1, '2024-06-07 06:57:43', 3),
(46, 'Harry Potter ve Ölüm Yadigarları', '&lt;p&gt;&lt;strong&gt;Harry Potter ve &amp;Ouml;l&amp;uuml;m Yadigarları&lt;/strong&gt;&lt;/p&gt;&lt;p&gt;Bir efsaneyi sonlandırmaya hazır mısınız? Harry Potter ve &amp;Ouml;l&amp;uuml;m Yadig&amp;acirc;rları, İngiliz yazar J. K. Rowling&amp;rsquo;in Harry Potter serisinin yedinci ve son macerasını okuyucuya sunuyor. Serinin romanlarının hepsi Hogwarts Cadılık ve B&amp;uuml;y&amp;uuml;c&amp;uuml;l&amp;uuml;k Okulu &amp;ouml;ğrencisi olan Harry Potter ve arkadaşlarının yaşadıklarını anlatıyor. Ana hik&amp;acirc;ye, Harry&amp;#39;nin &amp;ouml;l&amp;uuml;ms&amp;uuml;z olmayı ama&amp;ccedil;layan karanlık b&amp;uuml;y&amp;uuml;c&amp;uuml; Lord Voldemort&amp;#39;a karşı m&amp;uuml;cadelesine odaklanıyor. Serinin son romanı olan &amp;Ouml;l&amp;uuml;m Yadig&amp;acirc;rları&amp;rsquo;nda artık her şey sona kavuşmak &amp;uuml;zere&amp;hellip; Gelin, Harry Potter ve &amp;Ouml;l&amp;uuml;m Yadig&amp;acirc;rları&amp;rsquo;nın b&amp;uuml;y&amp;uuml;l&amp;uuml; ve aksiyon dolu d&amp;uuml;nyasına daha yakından g&amp;ouml;z atalım.&lt;/p&gt;&lt;p&gt;&amp;nbsp;&lt;/p&gt;&lt;p&gt;&lt;strong&gt;&amp;quot;Harry Potter ve &amp;Ouml;l&amp;uuml;m Yadig&amp;acirc;rları - 7. Kitap&amp;quot; adlı kitabı neden okumalısınız?&lt;/strong&gt;&lt;/p&gt;&lt;p&gt;J. K. Rowling&amp;rsquo;in fantastik roman t&amp;uuml;r&amp;uuml;nde &amp;acirc;deta &amp;ccedil;ığır a&amp;ccedil;an Harry Potter serisinin son romanı &amp;Ouml;l&amp;uuml;m Yadig&amp;acirc;rları&amp;rsquo;nda okuyucu sabırsızlıkla beklediği pek &amp;ccedil;ok sorunun yanıtına kavuşuyor. Serideki altı roman boyunca ana karakter Harry Potter, &amp;uuml;nl&amp;uuml; olmanın yanı sıra ergenliğin zorluklarıyla m&amp;uuml;cadele ediyor. Şimdiye kadar pek &amp;ccedil;ok maceraya atılan Harry Potter, kendisini ve okulunu kurtarmak i&amp;ccedil;in Voldemort&amp;#39;la savaşmak zorunda kalıyor. Ancak Harry daha &amp;ouml;nce hi&amp;ccedil; bu kadar yalnız olmadığını fark ediyor. B&amp;uuml;t&amp;uuml;n zorluklara rağmen Harry, kendisine verilen g&amp;ouml;revi tamamlama g&amp;uuml;c&amp;uuml;n&amp;uuml; bir şekilde kendi i&amp;ccedil;inde bulmak zorunda. Harry Potter serisinin son b&amp;ouml;l&amp;uuml;m&amp;uuml;nde, J. K. Rowling, okuyucuya heyecan ve gerilim dolu bir yolculuk vadediyor. Rowling&amp;rsquo;in başarılı betimlemeleri sayesinde kendinizi Hogwarts&amp;rsquo;ın koridorlarında gezerken bulacaksınız. Sayfalar ilerledik&amp;ccedil;e bir gizem ve heyecan dalgasının i&amp;ccedil;ine &amp;ccedil;ekildiğinizi hissedeceksiniz. Yer yer h&amp;uuml;z&amp;uuml;nlenecek yer yer y&amp;uuml;z&amp;uuml;n&amp;uuml;zde bir tebess&amp;uuml;mle okuyacaksınız.&lt;/p&gt;&lt;p&gt;&amp;nbsp;&lt;/p&gt;&lt;p&gt;&lt;strong&gt;Bunları biliyor muydunuz?&lt;/strong&gt;&lt;/p&gt;&lt;p&gt;J. K. Rowling&amp;rsquo;in Harry Potter serisini bir tren seyahatinde kurguladığını duymuş muydunuz? Peki ya serinin d&amp;uuml;nya &amp;ccedil;apında 500 milyondan fazla satarak tarihin en &amp;ccedil;ok satan kitap serisi h&amp;acirc;line gelip 80&amp;#39;den fazla dile &amp;ccedil;evrildiğini? &amp;Ouml;l&amp;uuml;m Yadig&amp;acirc;rları, yayımlandıktan sonra satış rekorlarını alt&amp;uuml;st ederek, Harry Potter serisinin &amp;ouml;nceki romanlarını geride bırakır. Roman, yayımlandıktan sonraki 24 saat i&amp;ccedil;inde 11 milyon satışa ulaşır. Romanın beyaz perde uyarlaması 2010&amp;#39;da Harry Potter ve &amp;Ouml;l&amp;uuml;m Yadig&amp;acirc;rları &amp;ndash; B&amp;ouml;l&amp;uuml;m 1 ve 2011&amp;#39;de B&amp;ouml;l&amp;uuml;m 2 olarak iki b&amp;ouml;l&amp;uuml;m h&amp;acirc;linde yayınlanır.&lt;/p&gt;', '9789750812989', '19249f57ffcecad4dfbfbb2e3e973488.jpg', 266.00, 692, 62, 21, 7, 1, 1, '2024-06-07 07:00:12', 5),
(47, 'Yüzüklerin Efendisi - Yüzük Kardeşliği', '&lt;p&gt;&lt;strong&gt;Y&amp;uuml;z&amp;uuml;klerin Efendisi&amp;nbsp;- Y&amp;uuml;z&amp;uuml;k Kardeşliği&lt;/strong&gt;&lt;/p&gt;&lt;p&gt;D&amp;uuml;nyaca bilinen ve klasik h&amp;acirc;line gelen bir seriyle tanışmak ister misiniz? O h&amp;acirc;lde John Ronald Reuel Tolkien&amp;#39;in fantastik &amp;uuml;&amp;ccedil;lemesi olan Y&amp;uuml;z&amp;uuml;klerin Efendisi&amp;#39;nin ilk kitabı Y&amp;uuml;z&amp;uuml;klerin Efendisi - I - Y&amp;uuml;z&amp;uuml;k Kardeşliği sizi bekliyor. &amp;Ouml;zg&amp;uuml;n hik&amp;acirc;yesi ve &amp;uuml;slubuyla okurunu derinden etkileyen Y&amp;uuml;z&amp;uuml;k Kardeşliği, yediden yetmişe herkese hitap ediyor. Gelin, elinizden d&amp;uuml;ş&amp;uuml;remeyeceğiniz bu s&amp;uuml;r&amp;uuml;kleyici kitapta sizi nelerin beklediğinden kısaca bahsedelim.&lt;/p&gt;&lt;p&gt;&amp;nbsp;&lt;/p&gt;&lt;p&gt;&lt;strong&gt;&amp;quot;Y&amp;uuml;z&amp;uuml;klerin Efendisi - Y&amp;uuml;z&amp;uuml;k Kardeşliği&amp;quot; adlı kitabı neden okumalısınız?&lt;/strong&gt;&lt;/p&gt;&lt;p&gt;Serinin ilk kitabı Y&amp;uuml;z&amp;uuml;k Kardeşliği, yaşlı bir hobbit olan Bilbo Baggins&amp;#39;in doğum g&amp;uuml;n&amp;uuml; partisiyle başlıyor. Bilbo, doğum g&amp;uuml;n&amp;uuml; konuşmasını bitirirken herkesi şaşırtarak bir anda g&amp;ouml;zden kayboluyor. Davetliler arasındaki b&amp;uuml;y&amp;uuml;c&amp;uuml; Gandalf; Bilbo&amp;#39;ya taktığında onu g&amp;ouml;r&amp;uuml;nmez kılan b&amp;uuml;y&amp;uuml;l&amp;uuml; y&amp;uuml;z&amp;uuml;ğ&amp;uuml;n tehlikeli olduğunu, Shire&amp;#39;dan ayrılırken y&amp;uuml;z&amp;uuml;ğ&amp;uuml; yanında g&amp;ouml;t&amp;uuml;rmemesini telkin ediyor. Bilbo, Gandaf&amp;#39;ın ısrarıyla y&amp;uuml;z&amp;uuml;ğ&amp;uuml; yeğeni Frodo&amp;#39;ya bırakıyor. Bu sırada y&amp;uuml;z&amp;uuml;ğ&amp;uuml;n sırrını araştırmaya koyulan Gandalf, onun karanlığın efendisi Sauron&amp;#39;a ait ve b&amp;uuml;y&amp;uuml;k bir savaşın sonrasında ortadan kaybolan g&amp;uuml;&amp;ccedil; y&amp;uuml;z&amp;uuml;ğ&amp;uuml; olduğunu anlıyor. Artık bu tehlikeli y&amp;uuml;z&amp;uuml;k, k&amp;uuml;&amp;ccedil;&amp;uuml;k ve sakin bir yer olan Hobbit K&amp;ouml;y&amp;#39;de kalamaz! Bunun &amp;uuml;zerine y&amp;uuml;z&amp;uuml;ğ&amp;uuml; taşımakla g&amp;ouml;revlendirilen Frodo ve hobbit dostlarının da katıldığı, Elf Kralı Elrond&amp;#39;un başkanlığında toplanan div&amp;acirc;nda Y&amp;uuml;z&amp;uuml;k Kardeşliği kuruluyor. Peki, y&amp;uuml;z&amp;uuml;ğ&amp;uuml; yok etmekle g&amp;ouml;revli Y&amp;uuml;z&amp;uuml;k Kardeşliği&amp;#39;ni nasıl s&amp;uuml;rprizler bekliyor dersiniz? Elinizden bırakmakta zorlanacağınız bu kitapla ger&amp;ccedil;ek d&amp;uuml;nya ve kurgu birbirine karışacak.&lt;/p&gt;&lt;p&gt;&amp;nbsp;&lt;/p&gt;&lt;p&gt;&lt;strong&gt;Bunları biliyor muydunuz?&lt;/strong&gt;&lt;/p&gt;&lt;p&gt;D&amp;uuml;nyanın en &amp;ccedil;ok okunan kitap serilerinden Y&amp;uuml;z&amp;uuml;klerin Efendisi&amp;#39;nin yazarı John Ronald Reuel Tolkien&amp;#39;ın bir akademisyen olduğunu biliyor muydunuz? Aslında bir filolog olan yazar Y&amp;uuml;z&amp;uuml;klerin Efendisi&amp;#39;nin fantastik mek&amp;acirc;nı olan Orta D&amp;uuml;nya&amp;#39;yı ve dillerini bu sayede yaratabilmiştir. Yarattığı karakter ve yer adları pek &amp;ccedil;ok alanda ilham olur. 1937 ve 1949 yılları arasında b&amp;ouml;l&amp;uuml;mler h&amp;acirc;linde kaleme alınır ve okuyucuyla buluştuğu ilk andan bug&amp;uuml;ne kadar b&amp;uuml;y&amp;uuml;k ilgi g&amp;ouml;r&amp;uuml;r. Toplam 150 milyondan fazla satış elde ederek t&amp;uuml;m zamanların en &amp;ccedil;ok satış elde eden ikinci kitabı olur. Metis Yayıncılık tarafından ilk defa 2000 yılında basılır. &amp;Ccedil;iğdem Erkal İpek&amp;#39;in İngilizce aslından ger&amp;ccedil;ekleştirdiği T&amp;uuml;rk&amp;ccedil;e &amp;ccedil;eviri ile akıcı ve anlaşılır anlatımını korur. B&amp;ouml;ylece T&amp;uuml;rk okurlarını da hayran kitlesine d&amp;acirc;hil eder. Dilerseniz eseri okuduktan sonra, 2001 yılında izleyiciyle buluşan Y&amp;uuml;z&amp;uuml;klerin Efendisi: Y&amp;uuml;z&amp;uuml;k Kardeşliği (IMDb: 8,8) filmini de izleyebilirsiniz.&lt;/p&gt;', '9789753425988', 'd53c7662441a3e3ff7b9de089f51b10a.jpg', 255.00, 520, 62, 22, 14, 1, 1, '2024-06-07 07:31:34', 255),
(48, 'Yüzüklerin Efendisi - İki Kule', '&lt;p&gt;&lt;strong&gt;Y&amp;uuml;z&amp;uuml;klerin Efendisi&amp;nbsp;&amp;ndash; İki Kule&lt;/strong&gt;&lt;/p&gt;&lt;p&gt;Macera, son hız devam ediyor!&amp;nbsp;&lt;em&gt;Y&amp;uuml;z&amp;uuml;klerin Efendisi &amp;ndash; İki Kule&lt;/em&gt;, efsane serinin ikinci kitabı olarak okurlarıyla buluşuyor. Yazar John Ronald Reuel Tolkien&amp;rsquo;in unutulmaz serisi, okurlarını fantastik ve macera dolu bir d&amp;uuml;nyaya yolculuğa &amp;ccedil;ıkarıyor. İlk kitapta &amp;ouml;ne &amp;ccedil;ıkan Y&amp;uuml;z&amp;uuml;k Kardeşliği ikinci kitapta bozulurken, taşlar yerinden oynuyor ve b&amp;uuml;y&amp;uuml;k savaşa giden yolda pek &amp;ccedil;ok gizem netlik kazanıyor. Orta D&amp;uuml;nya efsanesinin b&amp;uuml;y&amp;uuml;s&amp;uuml;ne kapılacağınız bu ser&amp;uuml;ven, bir &amp;ccedil;ırpıda okunmayı bekleyen eserler arasında!&lt;/p&gt;&lt;p&gt;&lt;strong&gt;İki Farklı Macera, İki Farklı B&amp;ouml;l&amp;uuml;m&lt;/strong&gt;&lt;/p&gt;&lt;p&gt;Serinin ikinci kitabında olaylar, iki farklı b&amp;ouml;l&amp;uuml;m olarak yer tutuyor. İlk b&amp;ouml;l&amp;uuml;mde Frodo &amp;ouml;n planda iken, ikinci b&amp;ouml;l&amp;uuml;mde ise Legolas, Gimli ve Aragorn&amp;rsquo;un hikayesi anlatılıyor. Frodo, uğradığı ihanet sonucu Y&amp;uuml;z&amp;uuml;k Kardeşliğinin bozulması &amp;uuml;zerine, yola Sam ile devam etme kararı alıyor. Bunun &amp;uuml;zerine ikili, Mordor Dağı&amp;rsquo;na doğru yola koyuluyor. Halihazırda &amp;ccedil;etin şartlarla dolu bu yolda, iki arkadaş &amp;ccedil;ok ge&amp;ccedil;meden yalnız olmadıklarını fark ediyor. &amp;Ouml;yle ki y&amp;uuml;z&amp;uuml;ğ&amp;uuml;n eski sahibi Gollum da onları sinsice takip ediyor.&lt;/p&gt;&lt;p&gt;Frodo ve Sam, takip edildiklerini fark ederek Gollum&amp;rsquo;u yakalıyor. Gollum ise onlara bir anlaşma teklif ediyor. Buna g&amp;ouml;re kendisini serbest bırakmaları karşılığında yaratık, kendilerini Mordor dağına g&amp;ouml;t&amp;uuml;recek olan yolu tarif edeceğini s&amp;ouml;yl&amp;uuml;yor. İkilinin anlaşmayı kabul etmesi &amp;uuml;zerine ekip, yola &amp;uuml;&amp;ccedil; kişi olarak devam ediyor. Peki, Frodo ve Sam Gollum&amp;rsquo;a g&amp;uuml;venmekle hata etmiş olabilir mi? Bunun yanıtı, neyse ki ge&amp;ccedil; olmadan anlaşılacak.&lt;/p&gt;&lt;p&gt;Kitabın diğer boyutunda Legolas, Gimli ve Aragorn, Pippin ve Merry&amp;rsquo;yi kurtarmak &amp;uuml;zere Orkların peşinden yola koyuluyor. Fakat ne yazık ki ge&amp;ccedil; kaldıklarını fark ediyorlar. Rohan S&amp;uuml;varileri&amp;rsquo;nin, Orkları bularak herkesi &amp;ouml;ld&amp;uuml;rd&amp;uuml;klerini g&amp;ouml;r&amp;uuml;yorlar. Ancak Pippin ve Merry, saldırıdan &amp;ouml;nce ka&amp;ccedil;mayı başararak Entler&amp;rsquo;in ve Beyaz B&amp;uuml;y&amp;uuml;c&amp;uuml; Saruman&amp;rsquo;ın h&amp;uuml;k&amp;uuml;m s&amp;uuml;rd&amp;uuml;ğ&amp;uuml; Fangorn Ormanı&amp;rsquo;na gidiyor. İkili, burada ge&amp;ccedil;mişten bir dost ile karşılaşıyor. Gandalf&amp;rsquo;ı g&amp;ouml;rd&amp;uuml;klerinde &amp;ccedil;ok sevinen Pippin ve Merry, onun eskisine g&amp;ouml;re &amp;ccedil;ok daha g&amp;uuml;&amp;ccedil;l&amp;uuml; olduğunu fark ediyor. Sonrasında kahramanlar, Saruman&amp;rsquo;ı yenmek ve b&amp;uuml;y&amp;uuml;k savaşı kazanmak i&amp;ccedil;in b&amp;uuml;y&amp;uuml;k bir m&amp;uuml;cadeleye girişiyor.&lt;/p&gt;&lt;p&gt;&lt;strong&gt;Bunları Biliyor muydunuz?&lt;/strong&gt;&lt;/p&gt;&lt;p&gt;Usta yazar J.R.R. Tolkien&amp;rsquo;in bu unutulmaz eseri, 1937&amp;rsquo;den 1949&amp;rsquo;a kadar aşama aşama kaleme alındı. Basıldıktan sonra olduk&amp;ccedil;a b&amp;uuml;y&amp;uuml;k bir başarı elde eden kitap, 150 milyonun &amp;uuml;zerinde bir satış elde etti. B&amp;ouml;ylece t&amp;uuml;m zamanların en &amp;ccedil;ok okunan kitapları arasında g&amp;ouml;sterilmeye hak kazandı.&lt;/p&gt;&lt;p&gt;&lt;strong&gt;En Sevilen Kitaplara Hemen Şimdi Sahip Olun!&lt;/strong&gt;&lt;/p&gt;&lt;p&gt;T&amp;uuml;m d&amp;uuml;nyada b&amp;uuml;y&amp;uuml;k ses getiren fantastik roman serilerine sahip olmak ister miydiniz? Bunun i&amp;ccedil;in tek yapmanız gereken, kategorilerimizi incelemek ve &amp;uuml;r&amp;uuml;n&amp;uuml; sepetinize eklemek. Bir tık ile kitaplığınızı zenginleştirmek işte bu kadar kolay!&lt;/p&gt;', '9789753421812', '03311db6d72bdfa0801645bc07baead0.jpg', 216.00, 416, 62, 22, 14, 1, 1, '2024-06-07 07:32:52', 30),
(49, 'Yüzüklerin Efendisi - Kralın Dönüşü', '&lt;p&gt;&lt;strong&gt;Y&amp;uuml;z&amp;uuml;klerin Efendisi - Kralın D&amp;ouml;n&amp;uuml;ş&amp;uuml;&lt;/strong&gt;&lt;/p&gt;&lt;p&gt;&lt;br /&gt;Y&amp;uuml;z&amp;uuml;klerin Efendisi son y&amp;uuml;zyılın en &amp;ccedil;ok okunan y&amp;uuml;z kitabı arasında en başta geliyor. T&amp;uuml;rk&amp;ccedil;e basımının ilk iki kitabı Y&amp;uuml;z&amp;uuml;k Kardeşliği ve İki Kule, bu ilginin evrenselliğini kanıtladı. Polisiye ya da bilimkurgu meraklıları, şiir, roman ve &amp;ouml;yk&amp;uuml; okurları, hep birlikte Frodo, Sam, Merry, Pippin, Aragorn ve Gandalf&amp;#39;ın maceralarını okumaya, &amp;#39;Orta D&amp;uuml;nya&amp;#39;da yaşamaya başladılar.&amp;Uuml;&amp;ccedil;&amp;uuml;nc&amp;uuml; kitap Kralın D&amp;ouml;n&amp;uuml;ş&amp;uuml; ile birlikte Y&amp;uuml;z&amp;uuml;klerin Efendisi tamamlanıyor: Bu kısımda Karanlıklar Efendisi ile Y&amp;uuml;z&amp;uuml;k Kardeşliği, iki cephede karşı karşıya geliyorlar. Frodo ve Sam ellerinde hepsine h&amp;uuml;kmedecek Tek Y&amp;uuml;z&amp;uuml;k ile Mordor&amp;#39;un i&amp;ccedil;ine, karanlığın kalbine doğru bir yolculuk yaparken, diğerleri de karanlığa karşı son cephe olan Gondor&amp;#39;da umutsuz bir savunmaya girişiyorlar...&lt;/p&gt;', '9789753422024', '2d13b7d08a6dc4fe3793fd12ed0cf93c.jpg', 210.00, 408, 62, 22, 14, 1, 1, '2024-06-07 07:34:23', 20),
(50, 'Yüzüklerin Efendisi - Tek Cilt Özel Basım', '&lt;p&gt;&lt;strong&gt;Y&amp;uuml;z&amp;uuml;klerin Efendisi - Tek Cilt &amp;Ouml;zel Basım&lt;/strong&gt;&lt;/p&gt;&lt;p&gt;D&amp;uuml;nya ikiye b&amp;ouml;l&amp;uuml;nm&amp;uuml;şt&amp;uuml;r, denir Tolkien&amp;#39;ın yapıtı s&amp;ouml;z konusu olduğunda: Y&amp;uuml;z&amp;uuml;klerin Efendisi&amp;#39;ni okumuş olanlar ve okuyacak olanlar. 1997 ile birlikte, &amp;ccedil;ok sayıda T&amp;uuml;rkiyeli okur da &amp;quot;okumuş olanlar&amp;quot; safına ge&amp;ccedil;me fırsatı buldu. Kitabın T&amp;uuml;rk&amp;ccedil;e basımı Y&amp;uuml;z&amp;uuml;klerin Efendisi&amp;#39;ne duyulan ilginin evrenselliğini kanıtladı.&lt;/p&gt;&lt;p&gt;Yapıtın bu başarısını ta&amp;ccedil;landırmak i&amp;ccedil;in &amp;uuml;&amp;ccedil; kısmı bir araya getiren bu &amp;ouml;zel, tek cilt edisyonu sunuyoruz. Hem h&amp;acirc;l&amp;acirc; okumamış, &amp;quot;okuyacak olanlar&amp;quot; i&amp;ccedil;in, hem de bu g&amp;uuml;zel kitabın k&amp;uuml;t&amp;uuml;phanenizde gelecek kuşaklara devrolacak kadar kalıcı olması i&amp;ccedil;in...&lt;/p&gt;&lt;p&gt;Y&amp;uuml;z&amp;uuml;klerin Efendisi yirminci y&amp;uuml;zyılın en &amp;ccedil;ok okunan y&amp;uuml;z kitabı arasında en başta geliyor; bilimkurgu, fantazi, polisiye, best-seller ya da ana akım demeden, t&amp;uuml;m edebiyat t&amp;uuml;rleri arasında tartışmasız bir &amp;ouml;nderliğe sahip. Bir a&amp;ccedil;ıdan bakarsanız bir fantazi romanı, başka bir a&amp;ccedil;ıdan baktığınızda, insanlık durumu, sorumluluk, iktidar ve savaş &amp;uuml;zerine bir roman. bir yolculuk, bir b&amp;uuml;y&amp;uuml;me &amp;ouml;yk&amp;uuml;s&amp;uuml;; fedakarlık ve dostluk &amp;uuml;zerine, hırs ve ihanet &amp;uuml;zerine bir roman.&lt;/p&gt;', '9789753423472', '345c8a7a46e83f8492a3027f55de0c7f.jpg', 570.00, 1026, 62, 22, 14, 1, 1, '2024-06-07 07:35:34', 5),
(51, 'Harry Potter Özel Kutulu Set - 7 Kitap Takım', '&lt;p&gt;&lt;strong&gt;Harry Potter &amp;Ouml;zel Kutulu Set - 7 Kitap Takım&lt;/strong&gt;&lt;/p&gt;&lt;p&gt;J.K Rowling tarafından yazılan Harry Potter Serisi&amp;#39;ni okuyarak b&amp;uuml;y&amp;uuml; ve sihir dolu gizemli bir d&amp;uuml;nyaya doğru yolculuğa &amp;ccedil;ıkmaya hazır mısınız? Fantastik t&amp;uuml;rde yazılan 7 ayrı eser, her yaştan bireyin keyifle, bir &amp;ccedil;ırpıda okuyabileceği romanlar arasında yer alıyor. B&amp;uuml;y&amp;uuml;n&amp;uuml;n olduğu bir d&amp;uuml;nyada macera, dram, korku ve romantizm gibi unsurları birlikte bulabileceğiniz seriye, gelin, birlikte g&amp;ouml;z atalım.&lt;/p&gt;&lt;p&gt;&amp;nbsp;&lt;/p&gt;&lt;p&gt;&lt;strong&gt;&amp;quot;Harry Potter &amp;Ouml;zel Kutulu Set - 7 Kitap Takım&amp;quot; adlı kitabı neden okumalısınız?&lt;/strong&gt;&lt;/p&gt;&lt;p&gt;Eser, Hogwarts Cadılık ve B&amp;uuml;y&amp;uuml;c&amp;uuml;l&amp;uuml;k Okulundan gelen bir davetiye &amp;uuml;zerine hayatı değişen Harry Potter&amp;#39;ın maceralarını anlatıyor. Alnındaki yara iziyle diğer b&amp;uuml;y&amp;uuml;c&amp;uuml;lerden ayrılan Potter&amp;#39;ın karanlık b&amp;uuml;y&amp;uuml;c&amp;uuml;lere karşı verdiği savaşlar, okuyucuyu hem &amp;uuml;rpertiyor hem heyecanlandırıyor. Sıradan bir &amp;ccedil;ocuk olmayan Harry, Hogwarts&amp;#39;da sihir dersleri alarak yetenekli bir b&amp;uuml;y&amp;uuml;c&amp;uuml; oluyor. Karanlık Lord, ruh emiciler, &amp;ouml;l&amp;uuml;m yiyenler ve daha niceleriyle başı dertte olan Harry ve arkadaşları s&amp;uuml;rekli yinelenen k&amp;acirc;buslarla karşı karşıya kalıyor. &amp;Ouml;ğrendikleri &amp;ccedil;eşitli b&amp;uuml;y&amp;uuml;lerle her b&amp;ouml;l&amp;uuml;mde kendilerini bekleyen olaylarla baş etmeye &amp;ccedil;alışıyorlar. Derin bir hayal g&amp;uuml;c&amp;uuml;yle yazılan bu kitap serisini okuyarak Harry ve arkadaşlarının beklenmedik olaylar karşısındaki m&amp;uuml;cadelesine tanık olabilir, iyi ile k&amp;ouml;t&amp;uuml;n&amp;uuml;n ayrımını, dostluk ve sevginin anlamını tekrar hatırlayabilirsiniz.&lt;/p&gt;&lt;p&gt;&amp;nbsp;&lt;/p&gt;&lt;p&gt;&lt;strong&gt;Bunları biliyor muydunuz?&lt;/strong&gt;&lt;/p&gt;&lt;p&gt;Harry Potter eserlerinin tarihin en &amp;ccedil;ok satan kitap serilerini i&amp;ccedil;erisinde yer aldığını ve yaklaşık 65 dile &amp;ccedil;evrildiğini biliyor muydunuz? J.K Rowling, Harry Potter karakterini Manchester&amp;#39;dan Londra&amp;#39;ya giden uzun bir tren yolculuğunda kurgular. Yazar, &amp;ccedil;ocukluk arkadaşlarının Potter olan soyadını ise ana karakterine verir. 5 yılda 7 eşsiz eser kaleme alan Rowling, Harry Potter Serisi&amp;#39;nde iyi ile k&amp;ouml;t&amp;uuml;n&amp;uuml;n m&amp;uuml;cadelesini işlediğini dile getirir. Romanlarını kendisi i&amp;ccedil;in yazdığını belirten yazar, kendine hitap eden bir espri anlayışı kullandığını s&amp;ouml;yler ve buna bağlı olarak kitaplarının yetişkinler tarafından da sevildiğini d&amp;uuml;ş&amp;uuml;n&amp;uuml;r. Harry Potter kitaplarının her birinin aynı isimle uyarlanmış 8 filmi de bulunur. Bu filmleri kitaplarla karşılaştırmak isterseniz Harry Potter ve Sırlar Odası(IMDb:7.4/10) , Harry Potter ve Azkaban Tutsağı(IMDb:7.9/10) ve Harry Potter ve &amp;Ouml;l&amp;uuml;m Yadigarları: B&amp;ouml;l&amp;uuml;m 2 (IMDb: 8.1/10)&amp;#39;yi izlemenizi tavsiye ediyoruz.&lt;/p&gt;', '9789750843877', 'caff57bf8d6569c910a60f5f54245d75.jpg', 1512.00, 4046, 62, 21, 7, 1, 1, '2024-06-07 07:38:44', 7),
(52, 'Hobbit', '&lt;p&gt;&lt;strong&gt;Hobbit&lt;/strong&gt;&lt;/p&gt;&lt;p&gt;This is the story of how a Baggins had an adventure, and found himself doing and saying things altogether unexpected...&lt;br /&gt;&lt;br /&gt;&lt;br /&gt;&lt;br /&gt;Bilbo Baggins is a hobbit who enjoys a comfortable, unambitious life, rarely travelling further than the pantry of his hobbit-hole in Bag End. But his contentment is disturbed when the wizard, Gandalf, and a company of thirteen dwarves arrive on his doorstep one day, to whisk him away on a journey &amp;#39;there and back again&amp;#39;. They have a plot to raid the treasure hoard of Smaug the Magnificent, a large and very dangerous dragon...&lt;br /&gt;&lt;br /&gt;&lt;br /&gt;The prelude to THE LORD OF THE RINGS, THE HOBBIT has sold many millions of copies since its publication in 1937, establishing itself as one of the most beloved and influential books of the twentieth century.&lt;/p&gt;', '9780008376055', '06d2a765c9bfa63da5bae4ec7071e6b9.jpg', 330.00, 336, 62, 22, 15, 1, 1, '2024-06-07 07:42:18', 4),
(53, 'Peri Masalı', '&lt;p&gt;&lt;strong&gt;Peri Masalı&lt;/strong&gt;&lt;/p&gt;&lt;p&gt;D&amp;uuml;nya tehlikede&amp;hellip; Hem bizimki hem de diğeri&amp;hellip;&lt;br /&gt;Charlie Reade on yedi yaşında, beyzbol ve Amerikan futbolunda başarılı, sıradan bir lise &amp;ouml;ğrencisidir. Bir g&amp;uuml;n Radar adında bir k&amp;ouml;pek ve onun sahibi Bay Bowditch&amp;rsquo;le tanışır.&lt;br /&gt;Bay Bowditch bir tepede, tekinsiz g&amp;ouml;r&amp;uuml;nen b&amp;uuml;y&amp;uuml;k bir evde tek başına yaşamaktadır. Evinin arkasında zaman zaman tuhaf seslerin duyulduğu bir kul&amp;uuml;be, kul&amp;uuml;benin i&amp;ccedil;indeyse bir kuyu vardır.&lt;br /&gt;Ve masal bu ya, bu kuyu bambaşka bir d&amp;uuml;nyaya a&amp;ccedil;ılır.&lt;br /&gt;G&amp;ouml;ky&amp;uuml;z&amp;uuml;nde iki ayın ve bizim d&amp;uuml;nyamızdaki g&amp;ouml;kbilimcilerin hi&amp;ccedil; g&amp;ouml;rmediği yıldızların parladığı, korkun&amp;ccedil; cezalara maruz kalmış prens ve prenseslerin s&amp;uuml;rg&amp;uuml;n edildiği, sakinlerinin hastalıkla lanetlendiği bir d&amp;uuml;nyaya...&lt;br /&gt;Dahi yazar Stephen King, iyi ile k&amp;ouml;t&amp;uuml;n&amp;uuml;n savaştığı paralel bir d&amp;uuml;nyanın kapılarını aralıyor ve hayal g&amp;uuml;c&amp;uuml;n&amp;uuml;n en derin kuyusuna iniyor. Peri Masalı, King&amp;rsquo;in diğer eserleri kadar&amp;nbsp; şaşırtıcı ve ikonik. Kahraman rol&amp;uuml;ne soyunan sıradan bir gen&amp;ccedil; adamın olağan&amp;uuml;st&amp;uuml; macerasını konu alan gerilimli ve tatmin edici bir roman.&lt;br /&gt;&lt;br /&gt;&lt;strong&gt;KİTAPTAN ALINTILAR&lt;/strong&gt;&lt;br /&gt;&lt;br /&gt;&amp;ldquo;Cesurlar yardım eder. Korkaklar sadece hediyeler getirir.&amp;rdquo;&lt;br /&gt;&amp;ldquo;Herkesin i&amp;ccedil;inde karanlık bir kuyu var bence ve o kuyu asla kurumuyor. Sorumluluğu kabullenerek oradan i&amp;ccedil;iyorsun. Ve su aslında zehir.&amp;rdquo;&lt;br /&gt;&amp;ldquo;İyi insanlar karanlık zamanlarda daha &amp;ccedil;ok parlar.&amp;rdquo;&lt;br /&gt;&amp;ldquo;Bence t&amp;uuml;m d&amp;uuml;nyalar sihirli. Sadece sihirlerine alışıyoruz.&amp;rdquo;&lt;br /&gt;&amp;ldquo;Sizin de muhtemelen bildiğiniz &amp;uuml;zere sevgili okur, en derin etkileri bırakan ve en uzun s&amp;uuml;re aklımızda kalan &amp;ccedil;ocukluğumuzda duyduğumuz hik&amp;acirc;yelerdir.&amp;rdquo;&lt;br /&gt;&amp;ldquo;İnanılmaz şeylere alışıyor insan, o kadar. Denizkızları ve IMAX, devler ve cep telefonları. Senin d&amp;uuml;nyandalarsa uyum sağlıyorsun. Harika bir şey, değil mi? Ama başka bir a&amp;ccedil;ıdan bakınca bir bakıma korkun&amp;ccedil;.&amp;rdquo;&lt;br /&gt;&amp;ldquo;Disney prensi olmak istemiyorum. Prens olacaksam da karanlık bir prens olmak istiyorum.&amp;rdquo;&lt;br /&gt;&amp;ldquo;Utan&amp;ccedil; da kahkaha gibi. İlham gibi. Kapıyı &amp;ccedil;almıyor.&amp;rdquo;&lt;br /&gt;&amp;ldquo;Hi&amp;ccedil;bir şey bekleme ama umudunu asla kaybetme.&amp;rdquo;&lt;br /&gt;&amp;ldquo;Zaman aslında su, Charlie. Hayat ise onun altından akıp gittiği k&amp;ouml;pr&amp;uuml;.&amp;rdquo;&lt;br /&gt;&lt;br /&gt;&amp;ldquo;Peri Masalı &amp;ccedil;oklu evrende ge&amp;ccedil;en, edebiyat t&amp;uuml;rleri arasında dolaşan ve King severler i&amp;ccedil;in eski hik&amp;acirc;yelere bolca atıfta bulunan bir roman. Unutulmayacak tuhaf karşılaşmalar ve iyi işlenmiş, &amp;ccedil;oğu zaman heyecan verici olaylarla dolu s&amp;uuml;r&amp;uuml;kleyici bir kitap. S&amp;uuml;rprizlerle s&amp;uuml;rekli değişen hik&amp;acirc;ye &amp;ouml;rg&amp;uuml;s&amp;uuml;ne rağmen Peri Masalı&amp;rsquo;ndaki en b&amp;uuml;y&amp;uuml;k s&amp;uuml;rpriz King&amp;rsquo;in sabit okuruna mutlu son s&amp;ouml;z&amp;uuml; vermesi olabilir.&amp;rdquo;&lt;br /&gt;-The New York Times&lt;br /&gt;&lt;br /&gt;&amp;ldquo;Stephen King klasik bir masalın t&amp;uuml;m c&amp;uuml;retk&amp;acirc;rlığını, b&amp;uuml;y&amp;uuml;s&amp;uuml;n&amp;uuml; ve hatta romantizmini sunmuş bu kitapta, yine de King&amp;rsquo;in kendine &amp;ouml;zg&amp;uuml; tedirgin edici tarzı r&amp;uuml;yalar &amp;acirc;lemine s&amp;uuml;r&amp;uuml;klenmenize m&amp;uuml;saade etmeyecek.&amp;rdquo;&lt;br /&gt;-Vanity Fair&lt;br /&gt;&lt;br /&gt;&amp;ldquo;&amp;Ccedil;ok g&amp;uuml;zel... &amp;ccedil;ocuk klasiklerinin &amp;uuml;rpertici gerilimini yakalıyor.&amp;rdquo;&lt;br /&gt;- The Chicago Tribune&lt;br /&gt;&lt;br /&gt;&amp;ldquo;Bir zamanlar Stephen King &amp;#39;Peri Masalı&amp;#39; adında bir roman yazmaya cesaret etti ve kitabın basit ama y&amp;uuml;ce adının hakkını verdi... Kitap yaratıcılıkla dolup taşıyor... Zamansız ve g&amp;uuml;ncel olan iyiye karşı k&amp;ouml;t&amp;uuml;n&amp;uuml;n hik&amp;acirc;yesi... Son sayfayı &amp;ccedil;evirdikten sonra ruhen biraz daha g&amp;uuml;&amp;ccedil;l&amp;uuml;&lt;br /&gt;hissedecek, başka hik&amp;acirc;yeler okumak isteyecek ve hatta belki de sonsuza dek mutlu yaşayacaksınız.&amp;rdquo;&lt;br /&gt;-USA Toda&lt;br /&gt;&lt;br /&gt;&amp;ldquo;Bu g&amp;uuml;zel, heyecanlı, dokunaklı masalı yazmak onu mutlu ettiyse, bir okur olarak size neler hissettireceğini bir hayal edin.&amp;rdquo;&lt;br /&gt;- Bangor Daily News&lt;/p&gt;', '9789752128378', 'd15f9a45c0255b542b856eee29d0c8ec.jpg', 275.00, 704, 65, 23, 16, 1, 1, '2024-06-07 07:48:11', 20),
(54, 'Medyum', '&lt;p&gt;&lt;strong&gt;Medyum Kitap&amp;nbsp;A&amp;ccedil;ıklaması&lt;/strong&gt;&lt;/p&gt;&lt;p&gt;Jack Torrance`ın Overlook Oteli`nde işe başlaması, yaşamında yepyeni bir sayfa a&amp;ccedil;abilmesi i&amp;ccedil;in bulunmaz bir fırsattı. Mevsim sonunda m&amp;uuml;şterilerin uğramadığı bu eski otelin bek&amp;ccedil;iliğini yaparken, ailesiyle bolca birlikte olabilecek ve romanını yazabilecekti. Ama sert kış havası kendisini g&amp;ouml;stermeye başlayınca, bu sakin mek&amp;acirc;n iyice ıssızlaştı... Uğursuz korkun&amp;ccedil; g&amp;uuml;&amp;ccedil;lerin Overlook Oteli`ni sarmaya başladığını yalnızca eşsiz bir yeteneğe sahip olan beş yaşındaki Danny Torrance fark etti. &amp;amp;`;Edgar Allen Poe`dan bu yana ıssız mek&amp;acirc;nları, sınır tanımayan korkuları en iyi anlatan yazar.&lt;/p&gt;', '9789754055856', '2edc9c23a06e8e6c4691ed36da704f08.jpg', 186.00, 396, 65, 23, 16, 1, 0, '2024-06-07 07:50:30', 5),
(55, 'Sis', '&lt;p&gt;&lt;strong&gt;Sis&lt;/strong&gt;&lt;/p&gt;&lt;p&gt;&amp;ldquo;Şimdi koluma girip sıkıca tutunun. Bir&amp;ccedil;ok karanlık mahzene gireceğiz, ama sanırım yolu biliyorum. Yeter ki kolumu bırakmayın.&amp;rdquo;&lt;/p&gt;&lt;p&gt;&amp;nbsp;&lt;/p&gt;&lt;p&gt;Stephen King&amp;rsquo;in sadece &amp;ldquo;korku ve gerilim romanlarının b&amp;uuml;y&amp;uuml;k ustası&amp;rdquo; olmadığını, sınır tanımayan hayal g&amp;uuml;c&amp;uuml;n&amp;uuml;n ve yaratıcılığının kısa &amp;ouml;yk&amp;uuml;y&amp;uuml; de kapsadığını g&amp;ouml;steren bir yapıt var elinizde. King&amp;rsquo;in yaşamının farklı d&amp;ouml;nemlerinde kaleme aldığı, b&amp;uuml;y&amp;uuml;leyici ve &amp;uuml;rpertici yirmi iki &amp;ouml;yk&amp;uuml;...&lt;/p&gt;&lt;p&gt;&amp;nbsp;&lt;/p&gt;&lt;p&gt;&amp;Ouml;nce kasabanın, sonra kentlerin &amp;uuml;zerine bir karabasan gibi &amp;ccedil;&amp;ouml;ken sis ve i&amp;ccedil;inde sakladığı korkun&amp;ccedil; yaratıklar; uğursuz g&amp;uuml;&amp;ccedil;leriyle her harekete ge&amp;ccedil;işinde &amp;ouml;l&amp;uuml;m&amp;uuml; &amp;ccedil;ağıran, &amp;uuml;rk&amp;uuml;t&amp;uuml;c&amp;uuml; bir oyuncak maymun; ıssız bir g&amp;ouml;l&amp;uuml;n ortasında, bir raftın &amp;uuml;st&amp;uuml;nde, a&amp;ccedil;g&amp;ouml;zl&amp;uuml; bir su canavarıyla baş başa kalmış d&amp;ouml;rt &amp;uuml;niversite &amp;ouml;ğrencisi; on beş yaşındaki yeğeninin &amp;ouml;lmeden &amp;ouml;nce &amp;ldquo;icat ettiği&amp;rdquo; gizemli bir bilgisayarla hayatının seyrini değiştirmeye soyunan mutsuz bir adam&amp;hellip; ve diğerleri.&lt;/p&gt;', '9789752123144', 'bb5f44e47795aa936c151444ff0fd46d.jpg', 262.00, 640, 65, 23, 16, 1, 0, '2024-06-07 08:04:43', 20),
(56, 'Dokuza Kadar On', '&lt;p&gt;&lt;strong&gt;Dokuza Kadar On&lt;/strong&gt;&lt;/p&gt;&lt;p&gt;&lt;br /&gt;Yalnızlık paylaşılmaz..&lt;br /&gt;&lt;br /&gt;Paylaşılsa yalnızlık olmaz.&lt;br /&gt;(Tanıtım B&amp;uuml;lteninden)&lt;/p&gt;', '9789750817779', 'ff0a2336fc3ee07aa9cb39f2105eaa2e.jpg', 54.00, 112, 44, 24, 7, 1, 0, '2024-06-07 08:11:20', 20);
INSERT INTO `books` (`id`, `name`, `description`, `isbn`, `image`, `price`, `page_count`, `category_id`, `author_id`, `publisher_id`, `is_active`, `is_home`, `created_at`, `stock`) VALUES
(57, 'Sevda Sözleri - Bütün Şiirleri', '&lt;p&gt;&lt;strong&gt;Sevda S&amp;ouml;zleri - B&amp;uuml;t&amp;uuml;n Şiirleri&lt;/strong&gt;&lt;/p&gt;&lt;p&gt;Biliyorum sana giden yollar kapalı&lt;/p&gt;&lt;p&gt;&amp;Uuml;stelik sen de hi&amp;ccedil;bir zaman sevmedin beni&lt;/p&gt;&lt;p&gt;Ne kadar yakın ve arada u&amp;ccedil;urum;&lt;/p&gt;&lt;p&gt;İnsanlar, evler, aramızda duvarlar gibi&amp;nbsp;&lt;/p&gt;&lt;p&gt;Uyandım uyandım, hep seni d&amp;uuml;ş&amp;uuml;nd&amp;uuml;m&lt;/p&gt;&lt;p&gt;Yalnız seni, yalnız senin g&amp;ouml;zlerini&lt;/p&gt;&lt;p&gt;Sevda S&amp;ouml;zleri, Cemal S&amp;uuml;reya&amp;#39;nın &amp;ouml;ğrencilik yıllarında başlayan ve &amp;ouml;l&amp;uuml;m&amp;uuml;ne kadar devam eden şiir hayatında yayımladığı t&amp;uuml;m eserlerin yanı sıra, dergilerde ve mektuplarda kalmış, bazısı adsız ve yarım bırakılmış şiirleri de bir araya getiriyor.&lt;/p&gt;', '9789750745782', '5e112377b853fc66655ce3b4fdbecff7.jpg', 152.00, 376, 44, 25, 8, 1, 0, '2024-06-07 08:12:34', 90),
(58, 'Lavinia - Aşk Şiirleri', '&lt;p&gt;&lt;strong&gt;Lavinia - Aşk Şiirleri&lt;/strong&gt;&lt;/p&gt;&lt;p&gt;İki kişi arasında yaşanabilecek en &amp;ouml;zel duyguları anlatan dizeleri okumak ister misiniz? O h&amp;acirc;lde T&amp;uuml;rk şiirinin &amp;ouml;nemli &amp;ouml;rneklerini kaleme alan &amp;Ouml;zdemir Asaf&amp;#39;ın pek &amp;ccedil;ok aşk şiirini bulabileceğiniz Lavinia - Aşk Şiirleri sizi bekliyor. Asaf&amp;#39;ın &amp;ouml;zg&amp;uuml;n ve yalın ifadeleri tekrar tekrar okumak isteyeceğiniz bir kitaba d&amp;ouml;n&amp;uuml;ş&amp;uuml;yor. Gelin, duygularınıza terc&amp;uuml;man olan ve bilmediğiniz aşkları anlatan bu eserde sizleri nelerin beklediğinden kısaca bahsedelim.&lt;/p&gt;&lt;p&gt;&amp;nbsp;&lt;/p&gt;&lt;p&gt;&lt;strong&gt;&amp;quot;Lavinia - Aşk Şiirleri&amp;quot; adlı kitabı neden okumalısınız?&lt;/strong&gt;&lt;/p&gt;&lt;p&gt;Lavinia - Aşk Şiirleri, her bir sayfasında usta şair &amp;Ouml;zdemir Asaf&amp;#39;ın kalbe ve ruha dokunan şiirlerini sunuyor. Toplamda 80 sayfadan oluşan eserde kitaba da adını veren Lavinia şiiri &amp;ouml;n plana &amp;ccedil;ıkıyor. &amp;Ouml;l&amp;uuml;m &amp;ccedil;i&amp;ccedil;eği ve hayaldeki sevgili anlamına gelen Lavinia şiirinde duygularını a&amp;ccedil;ıklayamayan bir adamın &amp;ccedil;aresizliğine yer veriliyor. &amp;Uuml;stelik kitap i&amp;ccedil;erisinde her duyguya hitap edebilecek daha nice dizeler barındırıyor. Kavuşamayanlar, yalnızlık, platonik hislerle birlikte mutluluk, tutku, aşk ele alınıyor. Okuduğunuz her bir dizede yaşadığınız ya da tanık olduğunuz hislere dair izler bulabilirsiniz. Lavinia - Aşk Şiirleri, &amp;ouml;zg&amp;uuml;n kalemi ve hissettirdiği duygularla baş ucu kitabınız olmaya aday!&lt;/p&gt;&lt;p&gt;&amp;nbsp;&lt;/p&gt;&lt;p&gt;&lt;strong&gt;Bunları biliyor muydunuz?&lt;/strong&gt;&lt;/p&gt;&lt;p&gt;T&amp;uuml;rk şairleri arasında &amp;ouml;nemli bir yer edinen &amp;Ouml;zdemir Asaf&amp;#39;ın ger&amp;ccedil;ek adının Halit &amp;Ouml;zdemir Arun olduğunu biliyor musunuz? Hukuk fak&amp;uuml;ltesi ve İktisat fak&amp;uuml;ltesinde ge&amp;ccedil;irdiği yıllarda bu mesleklerin kendisine uygun olmadığını fark eder. Gazetecilik b&amp;ouml;l&amp;uuml;m&amp;uuml;nde g&amp;ouml;rd&amp;uuml;ğ&amp;uuml; bir yıllık eğitimin ardından dergi ve gazetelerde &amp;ccedil;alışmaya başlar. Servet-i F&amp;uuml;nun dergisinde &amp;ccedil;ıkardığı ilk yazısı ile edeb&amp;icirc; hayatının temelini atar. Yazdığı şiirler ilk g&amp;uuml;nden itibaren pek &amp;ccedil;ok okurun dikkatini &amp;ccedil;eker. En sevilen şiirlerinden Lavinia, &amp;ouml;l&amp;uuml;m &amp;ccedil;i&amp;ccedil;eği anlamına gelir ve Asaf, bu dizeleri platonik aşkı i&amp;ccedil;in yazar. İlerleyen yıllarda &amp;Ouml;zdemir Asaf&amp;#39;ın en &amp;ccedil;ok bilinen şiirlerinden Lavinia ve diğer aşk şiirleri bir araya getirilir. Yapı Kredi Yayınları tarafından 2002 yılında yapılan bu derleme Fahri G&amp;uuml;ll&amp;uuml;oğlu&amp;#39;nun edit&amp;ouml;rl&amp;uuml;ğ&amp;uuml;nde hazırlanır. 2015 yılında yine aynı yayınevi ile daha yalın bir okuma sunan Lavinia - Aşk Şiirleri, yediden yetmişe herkesin ruhuna dokunmaya devam eder.&lt;/p&gt;', '9789750831331', 'b8daf9dcb6e74a1767d6f0a24ce877db.jpg', 54.00, 80, 44, 24, 7, 1, 0, '2024-06-07 08:14:44', 2),
(59, 'Yalnızlık Paylaşılmaz', '&lt;p&gt;&lt;strong&gt;Yalnızlık Paylaşılmaz&lt;/strong&gt;&lt;/p&gt;&lt;p&gt;&lt;br /&gt;Yarın d&amp;uuml;zenleyecekler aşklarımızı,&lt;br /&gt;Ner&amp;#39;deyse.&lt;br /&gt;Huysuzluğumuz ondan.&lt;br /&gt;Perdeleri kapatmalı mı?&lt;br /&gt;Perdeyse.&lt;br /&gt;Yaşamlarımızın, doğumlarımızın&lt;br /&gt;Tadı ka&amp;ccedil;madan..&lt;br /&gt;G&amp;ouml;kteyse, yerdeyse,&lt;br /&gt;Bir şeyse.&lt;br /&gt;&lt;br /&gt;&amp;Ccedil;arpık &amp;ccedil;izdiriyorlar,&lt;br /&gt;Karanlık yazdırıyorlar,&lt;br /&gt;Canından bezdiriyorlar..&lt;br /&gt;Kırgınlığımız ondan.&lt;br /&gt;Acı-acı g&amp;uuml;ld&amp;uuml;r&amp;uuml;yorlar..&lt;br /&gt;Hır&amp;ccedil;ınlığımız ondan.&lt;br /&gt;Ağlamaca karamsarlık t&amp;uuml;t&amp;uuml;yor&lt;br /&gt;Buram-buram&lt;br /&gt;Konularımızdan..&lt;br /&gt;Burukluğumuz ondan.&lt;br /&gt;&lt;br /&gt;Kısa dizelerle, &amp;ccedil;ağdaş bir i&amp;ccedil;erikle kurduğu, kendine &amp;ouml;zg&amp;uuml; dokunaklı s&amp;ouml;yleyişiyle bir hayat dersi gibi okunabilecek şiiri gen&amp;ccedil; kuşak okurların her zaman ilgisini &amp;ccedil;eken, Yalnızlık Paylaşılmaz dendiğinde akla gelen ilk şair &amp;Ouml;zdemir Asaf bir kez de tek vuruşta okumak i&amp;ccedil;in en sevilen kitabıyla b&amp;uuml;t&amp;uuml;n yalnızlıklara sesleniyor.&lt;br /&gt;(Tanıtım B&amp;uuml;lteninden)&lt;/p&gt;', '9789750828928', '49e4020eec9c40b2e66c50257c2a589a.jpg', 61.00, 102, 44, 24, 7, 1, 0, '2024-06-07 08:15:58', 23),
(60, 'Ben Sana Mecburum', '&lt;p&gt;&lt;strong&gt;Ben Sana Mecburum&lt;/strong&gt;&lt;/p&gt;&lt;p&gt;Bizi en ince yerimizden yakalıyor hep; birimizi, bazılarımızı değil, hepimizi&amp;hellip; Kendini anlatıyor, ama dizelerinde hepimiz kendimizi buluyoruz, &amp;uuml;stelik onlarda sadece biz varız sanarak. &amp;ldquo;Bize ait olanı&amp;rdquo; duyuyoruz onun sesinde. Hepimiz şiirinin kahramanlarıyız; bir t&amp;uuml;rl&amp;uuml; layıkıyla s&amp;ouml;ylemeyi beceremediğimizi o &amp;uuml;&amp;ccedil; kelimeye sığdırıveriyor: &amp;ldquo;Ben sana mecburum!&amp;rdquo;&lt;br /&gt;Attil&amp;acirc; İlhan şiirinin tek teması aşk değil elbette; bu kitapta beş b&amp;ouml;l&amp;uuml;mde topladığı şiirlerinde, d&amp;ouml;nemin siyasi havasını, &amp;ccedil;alkantılarını, gerilimi, direnişi, başkaldırıyı, imk&amp;acirc;nsız aşkları ve &amp;ouml;zg&amp;uuml;rl&amp;uuml;k &amp;ouml;zlemini bulacaksınız.&lt;/p&gt;&lt;p&gt;*Askıda Yaşamak *Tension &amp;agrave; Smyrne *Memleket Havası *İmk&amp;acirc;nsız Aşk *Cehennem Dairesi *Ortadoğu&amp;rsquo;dan Gece Telgrafları&lt;/p&gt;', '9786254056352', '1b5e4df61be15b1a4fe0ccee32331e13.jpg', 80.00, 160, 44, 26, 3, 1, 0, '2024-06-07 08:17:42', 2),
(61, 'Aydınlanma', '&lt;p&gt;&lt;strong&gt;Aydınlanma - Psikoloji Terapi ve Meditasyon Arasındaki Temel Fark&lt;/strong&gt;&lt;/p&gt;&lt;p&gt;İnsan olmak risklidir, risk bir dizi nevrozdan ge&amp;ccedil;mek zorunda olmaktır. Kendi &amp;ouml;z varlığınızda merkezlenmeden &amp;ouml;nce, sizi merkez dışına &amp;ccedil;ıkaran bir&amp;ccedil;ok tecr&amp;uuml;beden ge&amp;ccedil;mek zorundasınız. Zen insanları der ki: Meditasyon yapmaya başlamadan &amp;ouml;nce dağ sadece dağdır, nehir sadece nehir. Meditasyon yapınca dağlar artık dağ, nehirler artık nehir değildir. Ancak ısrarcı olur ve meditasyonun en y&amp;uuml;ksek zirvesine &amp;ccedil;ıkarsanız, o zaman dağlar tekrar dağ olur ve nehirler tekrar nehir.&lt;/p&gt;&lt;p&gt;İnsan ilk kez bir yaratıcı olmanın eşiğinde. Tarih y&amp;ouml;n değiştiriyor, yeni bir bilincin eşiğindesiniz.&lt;/p&gt;&lt;p&gt;Kendinizi yaratın... Hayatınızın resmini &amp;ccedil;izin, kendinizi bir heykel gibi oyun. Her ne olacaksanız, sizin elinizden &amp;ccedil;ıkacak. Kader değil bu, sorumlu sizsiniz.&lt;/p&gt;&lt;p&gt;Osho, kimilerine g&amp;ouml;re bir provokat&amp;ouml;r mistik, &amp;uuml;nl&amp;uuml; yazar Tom Robbins&amp;rsquo;e g&amp;ouml;re &amp;ldquo;İsa&amp;rsquo;dan sonra d&amp;uuml;nyaya gelen en tehlikeli adam&amp;rdquo;, Sunday Times&amp;rsquo;a g&amp;ouml;reyse, 20. y&amp;uuml;zyılın en &amp;ouml;nemli 1000 kurucusundan biri. &amp;Ouml;l&amp;uuml;m&amp;uuml;n&amp;uuml;n &amp;uuml;zerinden bunca yıl ge&amp;ccedil;mesine rağmen, Osho&amp;rsquo;nun ışıltısı azalmadığı gibi &amp;uuml;zerine atılan taşlar da eksilmedi. Ama o h&amp;acirc;l&amp;acirc; milyonlarca insanı peşinden s&amp;uuml;r&amp;uuml;kl&amp;uuml;yor.&lt;/p&gt;&lt;p&gt;Osho Aydınlanma&amp;rsquo;da, Batı psikolojisinin modern &amp;ccedil;ağın her ge&amp;ccedil;en g&amp;uuml;n nevrotikleşen insanına neden bir &amp;ccedil;are olmadığını o sarsıcı uslubuyla anlatmakla kalmıyor, bu nevrozdan &amp;ccedil;ıkışın ancak aydınlanma ile olabileceğini anlatıyor. Her satırda kendinize gelmeniz i&amp;ccedil;in sizi k&amp;ouml;klerinizden sarsan ve sonunda huzurlu bir kıyıya ulaştıran bir kitap, Aydınlanma.&lt;/p&gt;', '9786258004809', 'df9c927375f866af3a7e4e49267fcec8.jpg', 104.00, 216, 45, 28, 17, 1, 0, '2024-06-07 08:25:45', 20),
(62, 'Çakra Kitabı', '&lt;p&gt;&lt;strong&gt;OSHO - &amp;Ccedil;akra Kitabı&lt;/strong&gt;&lt;/p&gt;&lt;p&gt;Bu kitapta, Osho, insan bedende bazen &amp;quot;&amp;ccedil;akralar&amp;quot; olarak bilinen enerji merkezlerinin Doğu bilimine dair bir analizini sunar. Bu, zihin ve beden arasındaki derin bağlantıyı tanıyan diğer disiplinlerin yanı sıra geleneksel &amp;Ccedil;in tıbbının, Ayurveda&amp;#39;nın ve Kundalini Yoga&amp;#39;nın temelini oluşturan bir bilimdir. Osho, aynı zamanda bu aynı ilkelerin insanın psikolojik b&amp;uuml;y&amp;uuml;me ve olgunlaşma s&amp;uuml;recine ve bilin&amp;ccedil; evrimine nasıl uyarlandığını g&amp;ouml;stermektedir. &amp;Ccedil;akra Kitabı &amp;quot;ezoterik bilimi&amp;quot; ve anlayışı, kişisel b&amp;uuml;y&amp;uuml;me ve d&amp;ouml;n&amp;uuml;ş&amp;uuml;m bağlamında ele almaktadır.&amp;nbsp;&lt;br /&gt;&lt;br /&gt;&amp;quot;İnsan bir g&amp;ouml;kkuşağıdır, hem de yedi rengiyle birlikte. Bu onun g&amp;uuml;zelliğidir ve aynı zamanda sorunudur da. İnsan &amp;ccedil;ok y&amp;uuml;zl&amp;uuml;d&amp;uuml;r, &amp;ccedil;ok boyutludur. Onun benliği basit değil, m&amp;uuml;thiş bir karmaşadır. G&amp;ouml;kkuşağının yedi rengi vardır, insanın varlığının yedi merkezi vardır.&amp;quot;&lt;br /&gt;-Osho-&lt;br /&gt;&lt;br /&gt;&amp;quot;Sokrates gibi o da gen&amp;ccedil; insanların ahlakını bozmakla su&amp;ccedil;landı, t&amp;uuml;m ger&amp;ccedil;ek filozoflar gibi o da neşe değil, sadece mutsuzluk &amp;uuml;reten bir inan&amp;ccedil; sistemini yıktı.&amp;quot;&lt;br /&gt;-Elle Dergisi-&lt;br /&gt;&lt;br /&gt;Yaşamı ve &amp;ouml;ğretileri her yaştan ve hayatın her alanından milyonlarca insanı etkileyen &amp;ccedil;ağdaş bir mistik olan Osho, Sunday Times tarafından &amp;quot;20. Y&amp;uuml;zyılın 1000 Yaratıcısı&amp;quot;ndan biri se&amp;ccedil;ilmiştir. Uluslararası anlamda &amp;ccedil;ok satan kitapları t&amp;uuml;m d&amp;uuml;nyada 58 dile terc&amp;uuml;me edilmiştir.&lt;/p&gt;', '9786055154981', '5f35a37e0c11eb3c7ba3e1cb3bd86bbf.jpg', 188.00, 240, 45, 28, 18, 1, 0, '2024-06-07 08:29:08', 7),
(63, 'Spiritüel Yol', '&lt;p&gt;&lt;strong&gt;Spirit&amp;uuml;el Yol&lt;/strong&gt;&lt;/p&gt;&lt;p&gt;&amp;ldquo;Hakikat seni kuşatır. Havada hakikat vardır, &amp;ccedil;i&amp;ccedil;eklerin kokusunda hakikat vardır. Nehrin akışındadır hakikat. Yeşil yapraklarda, yıldızlarda ve tozdadır&amp;hellip;&lt;br /&gt;Senin i&amp;ccedil;indedir hakikat.&amp;rdquo;&lt;/p&gt;&lt;p&gt;&amp;ldquo;İnsanlığın karşısındaki en &amp;ouml;nemli sorulardan biri bilginin doğasına dair olmuştur. Doğmuş doğacak her insanı karşılayan soru da budur: Ger&amp;ccedil;ek anlamda bilmek nedir? İnsan sadece bilmek yoluyla &amp;ouml;zgürlüğe ulaşabilir, sadece bu yolla kişi kendini bilebilir. Sadece bilerek hakikat or taya &amp;ccedil;ıkar.&amp;rdquo; OSHO&lt;/p&gt;&lt;p&gt;&amp;nbsp;&lt;/p&gt;', '9786258471625', '4a909db892110dcc56e7fcc8ed4445cf.jpg', 242.00, 576, 45, 28, 18, 1, 0, '2024-06-07 08:30:50', 9),
(64, 'Sevginin Gücü', '&lt;p&gt;&lt;strong&gt;Sevginin G&amp;uuml;c&amp;uuml;&lt;/strong&gt;&lt;/p&gt;&lt;p&gt;&amp;ldquo;Yaşam ve &amp;ouml;l&amp;uuml;m arasında bir erkeğin veya kadının başına gelebilecek en &amp;ouml;nemli şey sevgidir. &amp;ldquo;&lt;/p&gt;&lt;p&gt;&amp;nbsp;&lt;/p&gt;&lt;p&gt;&amp;ldquo;Sevgi var olmanın saf mutluluğundan doğan şiirselliktir. Sevgi şarkıdır, danstır, kutlamadır: Bir minnet şarkısı, bir ş&amp;uuml;kran dansı, bazen sebepsiz yere, bazen d&amp;ouml;rt bir yanımızı kuşatan bu muazzam armağan i&amp;ccedil;in, bu b&amp;uuml;t&amp;uuml;n evren i&amp;ccedil;in, topraktan kutsal g&amp;uuml;ce kadar her şey i&amp;ccedil;in bir kutlamadır.&amp;rdquo;&lt;/p&gt;&lt;p&gt;&amp;nbsp;&lt;/p&gt;&lt;p&gt;&amp;ldquo;Sevgi korkuyu yok eder: &amp;Acirc;şıkken korkmazsın. &amp;Acirc;şıkken t&amp;uuml;m d&amp;uuml;nyayla savaşabilirsin. &amp;Acirc;şıkken her şeyi yapabileceğini hissedersin. Ama &amp;acirc;şık değilken en ufak şeylerden bile korkarsın.&amp;rdquo; &amp;nbsp;&lt;/p&gt;&lt;p&gt;&amp;nbsp;&lt;/p&gt;&lt;p&gt;&amp;ldquo;Sevgi o kadar g&amp;uuml;zel bir s&amp;ouml;zc&amp;uuml;kt&amp;uuml;r ki &amp;ldquo;aşka d&amp;uuml;şmek&amp;rdquo; dediğin zaman onu &amp;ccedil;irkin bir şekilde kullanmış olursun. Aşkta insan her zaman y&amp;uuml;kselir, asla d&amp;uuml;şmez.&amp;rdquo;&lt;/p&gt;&lt;p&gt;&amp;nbsp;&lt;/p&gt;&lt;p&gt;&amp;ldquo;Bir şeyi b&amp;uuml;t&amp;uuml;nl&amp;uuml;ğ&amp;uuml;nle yaparsan &amp;ccedil;&amp;ouml;lleri vahalara d&amp;ouml;n&amp;uuml;şt&amp;uuml;rebilirsin. Bir dilencinin hayatını bir imparatorun hayatına d&amp;ouml;n&amp;uuml;şt&amp;uuml;rebilirsin. Asıl mesele, i&amp;ccedil;inde aşağılık kompleksinin olmamasıdır. Ne yaptığının bir &amp;ouml;nemi yoktur. Asıl &amp;ouml;nemli olan onu nasıl yaptığındır; kendi i&amp;ccedil;inden geldiği gibi, kendi vizyonunla, sevginle. O zaman dokunduğun her şey altına d&amp;ouml;n&amp;uuml;ş&amp;uuml;r. &amp;ldquo;&lt;/p&gt;&lt;p&gt;&amp;nbsp;&lt;/p&gt;&lt;p&gt;&amp;ldquo;&amp;Ouml;zg&amp;uuml;n insan her zaman orijinaldir. O bir taklit, bir tekrar değildir. O yeni bir şarkı, yeni bir dans, yeni bir başlangı&amp;ccedil;tır, her zaman. Eğer zihinden kalbe ge&amp;ccedil;ebilirsen toplumun en başından beri engellemeye &amp;ccedil;alıştığı şeye erişmiş olursun. Toplum senin y&amp;uuml;rekli bir insan olmanı istemez. Toplumun zihinlere ihtiyacı vardır, y&amp;uuml;reklere değil.&amp;rdquo;&lt;/p&gt;&lt;p&gt;&amp;nbsp;&lt;/p&gt;&lt;p&gt;Osho Yaşam Gereklilikleri serisi, bireyin yaşamındaki en &amp;ouml;nemli sorulara odaklanır. Her kitap, kişisel anlam ve ama&amp;ccedil; arayışımız i&amp;ccedil;in yaşamsal olan, i&amp;ccedil;sel yaşamımız ve varoluşumuzun niteliğiyle ilgili sorulara odaklanan &amp;ccedil;ağdaş anlayış ve tartışmalar i&amp;ccedil;erir.&lt;/p&gt;&lt;p&gt;&amp;nbsp;&lt;/p&gt;&lt;p&gt;&amp;nbsp;&lt;/p&gt;&lt;p&gt;&amp;nbsp;&lt;/p&gt;&lt;p&gt;OSHO yirminci y&amp;uuml;zyılın en ilham verici spirit&amp;uuml;el &amp;ouml;ğretmenlerinden biridir. İ&amp;ccedil;sel d&amp;ouml;n&amp;uuml;ş&amp;uuml;m bilimine yaptığı devrimsel katkılarıyla tanınır. &amp;Ouml;ğretilerinin etkisi yayılmaya ve d&amp;uuml;nyanın hemen her &amp;uuml;lkesinde her yaştan insana ulaşmaya devam eder.&amp;nbsp;&lt;/p&gt;', '9786059397315', '61c341ef0bb4d1dd34419ca5fa0addf1.jpg', 176.00, 24, 45, 28, 18, 1, 0, '2024-06-07 08:32:31', 1);

-- --------------------------------------------------------

--
-- Tablo için tablo yapısı `categories`
--

CREATE TABLE `categories` (
  `id` int(11) NOT NULL,
  `name` varchar(100) NOT NULL,
  `is_active` tinyint(1) NOT NULL DEFAULT 1,
  `parent_id` int(11) DEFAULT NULL
) ENGINE=InnoDB DEFAULT CHARSET=utf8mb4 COLLATE=utf8mb4_general_ci;

--
-- Tablo döküm verisi `categories`
--

INSERT INTO `categories` (`id`, `name`, `is_active`, `parent_id`) VALUES
(36, 'Roman', 1, NULL),
(37, 'Dünya Roman', 1, 36),
(42, 'Türk Roman', 1, 36),
(43, 'Edebiyat', 1, NULL),
(44, 'Şiir', 1, 43),
(45, 'Kişisel Gelişim', 1, NULL),
(46, 'Çocuk ve Gençlik', 1, NULL),
(47, 'Araştırma - Tarih', 1, NULL),
(48, 'Tarih', 1, 47),
(49, 'Politika / Araştırma', 1, 47),
(50, 'Sosyoloji', 1, 47),
(51, 'Çizgi Roman / Manga', 1, NULL),
(52, 'Çizgi Roman', 1, 51),
(53, 'Manga', 1, 51),
(54, 'Hobi', 1, NULL),
(55, 'Yemek ve Tatlı', 1, 54),
(56, 'Spor', 1, 54),
(57, 'Bulmaca', 1, 54),
(58, 'El Sanatları', 1, 54),
(59, 'Oyun', 1, 54),
(60, 'Dünya Klasik', 1, 36),
(61, 'Polisiye', 1, 36),
(62, 'Fantastik', 1, 36),
(63, 'Romantik', 1, 36),
(64, 'Bilim Kurgu', 1, 36),
(65, 'Korku Gerilim', 1, 36),
(66, 'Macera', 1, 36);

-- --------------------------------------------------------

--
-- Tablo için tablo yapısı `favorites`
--

CREATE TABLE `favorites` (
  `id` int(11) NOT NULL,
  `user_id` int(11) NOT NULL,
  `book_id` int(11) NOT NULL,
  `created_at` timestamp NOT NULL DEFAULT current_timestamp()
) ENGINE=InnoDB DEFAULT CHARSET=utf8mb4 COLLATE=utf8mb4_general_ci;

--
-- Tablo döküm verisi `favorites`
--

INSERT INTO `favorites` (`id`, `user_id`, `book_id`, `created_at`) VALUES
(27, 36, 14, '2024-06-06 09:35:17'),
(28, 36, 17, '2024-06-06 09:35:38'),
(29, 36, 16, '2024-06-06 09:52:03'),
(30, 32, 50, '2024-06-07 07:35:47'),
(31, 32, 1, '2024-06-07 11:39:11'),
(32, 32, 53, '2024-06-07 11:39:31');

-- --------------------------------------------------------

--
-- Tablo için tablo yapısı `publishers`
--

CREATE TABLE `publishers` (
  `id` int(11) NOT NULL,
  `name` varchar(100) NOT NULL
) ENGINE=InnoDB DEFAULT CHARSET=utf8mb4 COLLATE=utf8mb4_general_ci;

--
-- Tablo döküm verisi `publishers`
--

INSERT INTO `publishers` (`id`, `name`) VALUES
(3, 'İş Bankası Kültür Yayınları'),
(5, 'Everest Yayınları'),
(6, 'Artemis Yayınları'),
(7, 'Yapı Kredi Yayınları'),
(8, 'Can Yayınları'),
(9, 'Alfa Yayıncılık'),
(10, 'Ephesus Yayınları'),
(11, 'Doğan Kitap'),
(12, 'Arkadya Yayınları'),
(13, 'Koridor Yayıncılık'),
(14, 'Metis Yayınları'),
(15, 'Agenor Publishing'),
(16, 'Altın Kitaplar'),
(17, 'Doğan Novus'),
(18, 'Butik');

-- --------------------------------------------------------

--
-- Tablo için tablo yapısı `transactions`
--

CREATE TABLE `transactions` (
  `id` int(11) NOT NULL,
  `transaction_id` varchar(255) NOT NULL,
  `amount` int(11) NOT NULL,
  `currency` varchar(10) NOT NULL,
  `description` text DEFAULT NULL,
  `status` varchar(50) DEFAULT NULL,
  `created_at` timestamp NOT NULL DEFAULT current_timestamp(),
  `user_id` int(11) NOT NULL
) ENGINE=InnoDB DEFAULT CHARSET=utf8mb4 COLLATE=utf8mb4_general_ci;

--
-- Tablo döküm verisi `transactions`
--

INSERT INTO `transactions` (`id`, `transaction_id`, `amount`, `currency`, `description`, `status`, `created_at`, `user_id`) VALUES
(1, 'ch_3PNwF4Izrk4FBfXJ0BzcETEK', 25000, 'try', 'Test Ödemesi', 'succeeded', '2024-06-04 12:13:32', 36),
(2, 'ch_3PNwFjIzrk4FBfXJ2pkCDjWf', 25000, 'try', 'Test Ödemesi', 'succeeded', '2024-06-04 12:14:12', 36),
(3, 'ch_3PNwHQIzrk4FBfXJ2ouvPI1t', 25000, 'try', 'Test Ödemesi', 'succeeded', '2024-06-04 12:15:57', 36),
(4, 'ch_3PNwIBIzrk4FBfXJ2ZC8M4YT', 25000, 'try', 'Test Ödemesi', 'succeeded', '2024-06-04 12:16:44', 36),
(5, 'ch_3PNwbaIzrk4FBfXJ2GYzPKCn', 30000, 'try', 'Sipariş Ödemesi', 'succeeded', '2024-06-04 12:36:47', 36),
(6, 'ch_3POK7uIzrk4FBfXJ0fm2CXyd', 10000, 'try', 'Sipariş Ödemesi', 'succeeded', '2024-06-05 13:43:46', 32),
(7, 'ch_3POKATIzrk4FBfXJ2ekmrySN', 10000, 'try', 'Sipariş Ödemesi', 'succeeded', '2024-06-05 13:46:23', 36),
(8, 'ch_3POKNIIzrk4FBfXJ0e1YqgJH', 15000, 'try', 'Sipariş Ödemesi', 'succeeded', '2024-06-05 13:59:39', 36),
(9, 'ch_3POP4gIzrk4FBfXJ0jP77byL', 14300, 'try', 'Sipariş Ödemesi', 'succeeded', '2024-06-05 19:00:43', 36),
(10, 'ch_3POPCcIzrk4FBfXJ0wlbtXrJ', 4800, 'try', 'Sipariş Ödemesi', 'succeeded', '2024-06-05 19:08:55', 36);

-- --------------------------------------------------------

--
-- Tablo için tablo yapısı `transaction_items`
--

CREATE TABLE `transaction_items` (
  `id` int(11) NOT NULL,
  `transaction_id` int(11) NOT NULL,
  `product_id` int(11) NOT NULL,
  `quantity` int(11) NOT NULL
) ENGINE=InnoDB DEFAULT CHARSET=utf8mb4 COLLATE=utf8mb4_general_ci;

--
-- Tablo döküm verisi `transaction_items`
--

INSERT INTO `transaction_items` (`id`, `transaction_id`, `product_id`, `quantity`) VALUES
(1, 1, 12, 2),
(2, 1, 11, 1),
(3, 1, 13, 1),
(4, 1, 10, 1),
(5, 2, 12, 2),
(6, 2, 11, 1),
(7, 2, 13, 1),
(8, 2, 10, 1),
(9, 3, 12, 2),
(10, 3, 11, 1),
(11, 3, 13, 1),
(12, 3, 10, 1),
(13, 4, 12, 2),
(14, 4, 11, 1),
(15, 4, 13, 1),
(16, 4, 10, 1),
(17, 5, 13, 2),
(18, 5, 12, 1),
(19, 5, 11, 2),
(20, 5, 10, 1),
(21, 6, 12, 2),
(22, 7, 10, 2),
(23, 8, 10, 3),
(24, 9, 16, 5),
(25, 9, 15, 3),
(26, 10, 17, 3);

-- --------------------------------------------------------

--
-- Tablo için tablo yapısı `users`
--

CREATE TABLE `users` (
  `id` int(11) NOT NULL,
  `firstName` varchar(50) NOT NULL,
  `lastName` varchar(50) NOT NULL,
  `email` varchar(100) NOT NULL,
  `password` varchar(255) NOT NULL,
  `role` enum('admin','user') NOT NULL DEFAULT 'user',
  `createdAt` timestamp NOT NULL DEFAULT current_timestamp(),
  `reset_token` varchar(255) DEFAULT NULL,
  `reset_token_expires` datetime DEFAULT NULL,
  `email_verified` tinyint(1) DEFAULT 0
) ENGINE=InnoDB DEFAULT CHARSET=utf8mb4 COLLATE=utf8mb4_general_ci;

--
-- Tablo döküm verisi `users`
--

INSERT INTO `users` (`id`, `firstName`, `lastName`, `email`, `password`, `role`, `createdAt`, `reset_token`, `reset_token_expires`, `email_verified`) VALUES
(32, 'Enes', 'Doğanay', 'admin@gmail.com', '$2y$10$.JQsl97omvnznWsWGklr.uwrBDsuN4pDpa5BALcUCC9bEibGChnzy', 'admin', '2024-05-28 12:43:48', '38735aa9450c6c205206c1f23a2ba8eb07940a6a998ea1cebdd907cb560cb8dc', '2024-06-02 04:23:42', 0),
(33, 'mertcan', 'aksoy', 'mertcan@gmail.com', '$2y$10$KrLYKUHOpkWWsq7dp5DjrOoSZcDwodFsFP6w96B.8ziSxRCXSyRDq', 'user', '2024-05-28 13:22:51', NULL, NULL, 0),
(34, 'asdasd', 'aasdsadqwd', 'test2@gmail.com', '$2y$10$0DHv6vy2oSKGZ7LmdY6QB./BRUx7SKwCQ5uXyvyZSw79fcQsfFoki', 'user', '2024-05-28 13:23:55', NULL, NULL, 0),
(36, 'Enes', 'Doğanay', 'voltage.clans1@gmail.com', '$2y$10$QpER0Av/e3X5DQHGArzeeOlTmRpDeltEjUZ8.Tj/txcLR99Nd/iWG', 'user', '2024-06-02 01:45:32', NULL, NULL, 0),
(37, 'Enes', 'Test', 'doganayenes.94@gmail.com', '$2y$10$IIhIFJaLyYxEOZP4JIxCH.jVeFPZlKJWvXw9TAgz4kKOtgJKBwvRC', 'user', '2024-06-02 01:46:13', NULL, NULL, 0),
(38, 'test', 'tests', 'test@gmail.com', '$2y$10$cpoO7zr6HkelyxEJ3Ame6ulLpazgQrlOoSSxKRdKBAgm1ZlTEiGrS', 'user', '2024-06-02 11:35:58', NULL, NULL, 0),
(39, 'asdads', 'dsadsad', 'testtt@gmail.com', '$2y$10$B1X82GOmra12a08rkD64ne9Yt13MQMMqyLLq23gomt5ov1The1wqi', 'user', '2024-06-02 11:38:47', NULL, NULL, 0),
(40, 'test5', 'test5', 'test5@gmail.com', '$2y$10$xH229aQ9eNhNV1iryzx9eustSpojwa1xKS6fzvcgbIa.c3RPuAqWu', 'user', '2024-06-02 11:39:20', NULL, NULL, 0),
(41, 'deneme2', 'deneme2', 'deneme2@gmail.com', '$2y$10$291n1GZbKVd55hQp.wXyAerTa6ptdYFZQ1tIrUighI2H4UAajYSbS', 'user', '2024-06-02 11:44:24', NULL, NULL, 0);

--
-- Dökümü yapılmış tablolar için indeksler
--

--
-- Tablo için indeksler `authors`
--
ALTER TABLE `authors`
  ADD PRIMARY KEY (`id`);

--
-- Tablo için indeksler `books`
--
ALTER TABLE `books`
  ADD PRIMARY KEY (`id`),
  ADD KEY `category_id` (`category_id`),
  ADD KEY `author_id` (`author_id`),
  ADD KEY `publisher_id` (`publisher_id`);

--
-- Tablo için indeksler `categories`
--
ALTER TABLE `categories`
  ADD PRIMARY KEY (`id`),
  ADD UNIQUE KEY `name` (`name`),
  ADD KEY `parent_id` (`parent_id`);

--
-- Tablo için indeksler `favorites`
--
ALTER TABLE `favorites`
  ADD PRIMARY KEY (`id`),
  ADD KEY `user_id` (`user_id`),
  ADD KEY `book_id` (`book_id`);

--
-- Tablo için indeksler `publishers`
--
ALTER TABLE `publishers`
  ADD PRIMARY KEY (`id`);

--
-- Tablo için indeksler `transactions`
--
ALTER TABLE `transactions`
  ADD PRIMARY KEY (`id`);

--
-- Tablo için indeksler `transaction_items`
--
ALTER TABLE `transaction_items`
  ADD PRIMARY KEY (`id`),
  ADD KEY `transaction_id` (`transaction_id`),
  ADD KEY `product_id` (`product_id`);

--
-- Tablo için indeksler `users`
--
ALTER TABLE `users`
  ADD PRIMARY KEY (`id`),
  ADD UNIQUE KEY `email` (`email`);

--
-- Dökümü yapılmış tablolar için AUTO_INCREMENT değeri
--

--
-- Tablo için AUTO_INCREMENT değeri `authors`
--
ALTER TABLE `authors`
  MODIFY `id` int(11) NOT NULL AUTO_INCREMENT, AUTO_INCREMENT=29;

--
-- Tablo için AUTO_INCREMENT değeri `books`
--
ALTER TABLE `books`
  MODIFY `id` int(11) NOT NULL AUTO_INCREMENT, AUTO_INCREMENT=65;

--
-- Tablo için AUTO_INCREMENT değeri `categories`
--
ALTER TABLE `categories`
  MODIFY `id` int(11) NOT NULL AUTO_INCREMENT, AUTO_INCREMENT=67;

--
-- Tablo için AUTO_INCREMENT değeri `favorites`
--
ALTER TABLE `favorites`
  MODIFY `id` int(11) NOT NULL AUTO_INCREMENT, AUTO_INCREMENT=33;

--
-- Tablo için AUTO_INCREMENT değeri `publishers`
--
ALTER TABLE `publishers`
  MODIFY `id` int(11) NOT NULL AUTO_INCREMENT, AUTO_INCREMENT=19;

--
-- Tablo için AUTO_INCREMENT değeri `transactions`
--
ALTER TABLE `transactions`
  MODIFY `id` int(11) NOT NULL AUTO_INCREMENT, AUTO_INCREMENT=11;

--
-- Tablo için AUTO_INCREMENT değeri `transaction_items`
--
ALTER TABLE `transaction_items`
  MODIFY `id` int(11) NOT NULL AUTO_INCREMENT, AUTO_INCREMENT=27;

--
-- Tablo için AUTO_INCREMENT değeri `users`
--
ALTER TABLE `users`
  MODIFY `id` int(11) NOT NULL AUTO_INCREMENT, AUTO_INCREMENT=42;

--
-- Dökümü yapılmış tablolar için kısıtlamalar
--

--
-- Tablo kısıtlamaları `books`
--
ALTER TABLE `books`
  ADD CONSTRAINT `books_ibfk_1` FOREIGN KEY (`category_id`) REFERENCES `categories` (`id`),
  ADD CONSTRAINT `books_ibfk_2` FOREIGN KEY (`author_id`) REFERENCES `authors` (`id`),
  ADD CONSTRAINT `books_ibfk_3` FOREIGN KEY (`publisher_id`) REFERENCES `publishers` (`id`);

--
-- Tablo kısıtlamaları `categories`
--
ALTER TABLE `categories`
  ADD CONSTRAINT `categories_ibfk_1` FOREIGN KEY (`parent_id`) REFERENCES `categories` (`id`);

--
-- Tablo kısıtlamaları `favorites`
--
ALTER TABLE `favorites`
  ADD CONSTRAINT `favorites_ibfk_1` FOREIGN KEY (`user_id`) REFERENCES `users` (`id`),
  ADD CONSTRAINT `favorites_ibfk_2` FOREIGN KEY (`book_id`) REFERENCES `books` (`id`);

--
-- Tablo kısıtlamaları `transaction_items`
--
ALTER TABLE `transaction_items`
  ADD CONSTRAINT `transaction_items_ibfk_1` FOREIGN KEY (`transaction_id`) REFERENCES `transactions` (`id`),
  ADD CONSTRAINT `transaction_items_ibfk_2` FOREIGN KEY (`product_id`) REFERENCES `books` (`id`);
COMMIT;

/*!40101 SET CHARACTER_SET_CLIENT=@OLD_CHARACTER_SET_CLIENT */;
/*!40101 SET CHARACTER_SET_RESULTS=@OLD_CHARACTER_SET_RESULTS */;
/*!40101 SET COLLATION_CONNECTION=@OLD_COLLATION_CONNECTION */;
